Name,Location,Kilometers_Driven,Fuel_Type,Transmission,Owner_Type,Mileage,Engine,Power,Seats,New_Price,Price,Edad
Honda Jazz V,Chennai,46000,Petrol,Manual,3,9.75,1199.0,88.7,5.0,8.61,4.5,13
Toyota Innova Crysta 2.8 GX AT 8S,Mumbai,36000,Diesel,Automatic,3,11.36,2755.0,171.5,8.0,21.0,17.5,8
Maruti Ciaz Zeta,Kochi,25692,Petrol,Manual,3,21.56,1462.0,103.25,5.0,10.65,9.95,6
Mitsubishi Pajero Sport 4X4,Delhi,110000,Diesel,Manual,3,13.5,2477.0,175.56,7.0,32.01,15.0,10
BMW 3 Series 320d,Kochi,32982,Diesel,Automatic,3,22.69,1995.0,190.0,5.0,47.87,18.55,10
Honda WRV i-VTEC VX,Kochi,37430,Petrol,Manual,3,17.5,1199.0,88.7,5.0,10.57,9.9,6
Volkswagen Vento 1.6 Highline,Coimbatore,55431,Petrol,Manual,2,16.09,1598.0,103.5,5.0,12.33,6.98,10
Maruti Vitara Brezza ZDi Plus,Kochi,50075,Diesel,Manual,3,24.3,1248.0,88.5,5.0,11.12,8.63,6
Hyundai Elantra 2.0 SX Option AT,Bangalore,46374,Petrol,Automatic,3,14.62,1999.0,149.92,5.0,23.64,8.85,10
Toyota Innova Crysta 2.7 GX MT,Bangalore,70704,Petrol,Manual,3,11.25,2694.0,163.7,7.0,18.64,10.95,12
Toyota Innova Crysta 2.4 GX MT 8S,Mumbai,22000,Diesel,Manual,3,13.68,2393.0,147.8,8.0,19.34,16.5,7
Mercedes-Benz C-Class Progressive C 220d,Coimbatore,15369,Diesel,Automatic,3,0.0,1950.0,194.0,5.0,49.14,35.67,5
Hyundai Creta 1.4 E Plus Diesel,Mumbai,13000,Diesel,Manual,3,22.1,1396.0,88.7,5.0,11.81,10.5,6
Nissan Terrano XV D Pre,Kochi,56066,Diesel,Manual,3,19.64,1461.0,108.5,5.0,16.65,6.92,9
Tata Zest Revotron 1.2T XE,Pune,70000,Petrol,Manual,3,17.57,1193.0,88.7,5.0,6.67,4.5,7
Datsun GO Plus T Petrol,Pune,32851,Petrol,Manual,3,19.83,1198.0,67.0,7.0,6.45,3.95,7
Toyota Etios Liva 1.2 G,Ahmedabad,53000,Petrol,Manual,3,17.71,1197.0,78.9,5.0,6.41,3.9,10
Toyota Innova Crysta 2.8 ZX AT,Mumbai,30000,Diesel,Automatic,3,11.36,2755.0,171.5,7.0,27.0,19.25,7
Maruti Eeco 5 Seater AC,Coimbatore,38053,Petrol,Manual,3,15.1,1196.0,73.0,5.0,5.13,3.91,7
BMW 3 Series 320d Luxury Line,Mumbai,56087,Diesel,Automatic,3,22.69,1995.0,190.0,5.0,54.43,20.75,9
Nissan Micra XV CVT,Coimbatore,39882,Petrol,Automatic,3,19.15,1198.0,75.94,5.0,9.51,6.55,8
Maruti Vitara Brezza VDi,Mumbai,55000,Diesel,Manual,3,24.3,1248.0,88.5,5.0,9.96,7.5,8
Hyundai Verna CRDi 1.6 SX Option,Kolkata,10250,Diesel,Manual,3,22.0,1582.0,126.2,5.0,14.44,10.95,6
Maruti Alto K10 VXI,Hyderabad,88500,Petrol,Manual,3,24.07,998.0,67.1,5.0,4.53,2.6,10
Mercedes-Benz SLC 43 AMG,Kolkata,13372,Petrol,Automatic,3,19.0,2996.0,362.07,2.0,95.04,54.0,7
Hyundai Verna VTVT 1.6 AT SX Plus,Kochi,12645,Petrol,Automatic,3,17.0,1591.0,121.3,5.0,13.49,11.5,5
Audi RS5 Coupe,Mumbai,23000,Petrol,Automatic,3,11.05,2894.0,444.0,4.0,128.0,37.0,11
BMW 3 Series Luxury Line,Mumbai,48000,Diesel,Automatic,3,21.76,1995.0,190.0,5.0,60.88,26.5,10
Hyundai Grand i10 1.2 Kappa Asta,Kolkata,1000,Petrol,Manual,3,18.9,1197.0,81.86,5.0,7.39,6.5,5
BMW 5 Series 520d Luxury Line,Hyderabad,51000,Diesel,Automatic,3,22.48,1995.0,190.0,5.0,69.47,33.5,10
Maruti Baleno Alpha,Kochi,24773,Petrol,Manual,3,21.4,1197.0,83.1,5.0,8.78,7.5,7
Maruti Ertiga ZDI,Mumbai,33000,Diesel,Manual,3,25.47,1248.0,88.5,7.0,12.74,8.5,8
Mahindra NuvoSport N6,Chennai,29000,Diesel,Manual,2,17.45,1493.0,100.0,7.0,10.52,6.5,7
Maruti Vitara Brezza ZDi Plus Dual Tone,Mumbai,20000,Diesel,Manual,3,24.3,1248.0,88.5,5.0,11.98,9.0,8
Honda Amaze S Diesel,Kolkata,45000,Diesel,Manual,3,27.4,1498.0,98.6,5.0,8.54,3.25,11
Skoda Superb Style 1.8 TSI AT,Hyderabad,26000,Petrol,Automatic,3,14.67,1798.0,177.46,5.0,33.58,26.0,7
Mahindra Verito 1.5 D4 BSIV,Hyderabad,107000,Diesel,Manual,3,21.03,1461.0,65.0,5.0,9.12,3.7,11
Maruti Wagon R VXI,Kolkata,32000,Petrol,Manual,3,22.5,998.0,67.04,5.0,5.29,2.65,11
Mini Cooper Convertible S,Kochi,26327,Petrol,Automatic,3,16.82,1998.0,189.08,4.0,44.28,35.67,7
Toyota Innova Crysta 2.8 GX AT,Kochi,14165,Diesel,Automatic,3,11.36,2755.0,171.5,7.0,20.74,19.64,5
Honda City i-VTEC V,Kolkata,32572,Petrol,Manual,3,17.4,1497.0,117.3,5.0,11.74,3.87,13
Toyota Innova Crysta 2.4 ZX MT,Pune,43000,Diesel,Manual,3,13.68,2393.0,147.8,7.0,25.52,18.65,7
Hyundai Verna CRDi 1.6 SX,Hyderabad,143275,Diesel,Manual,3,22.0,1582.0,126.2,5.0,14.07,2.6,16
Mercedes-Benz GLE 350d,Coimbatore,29819,Diesel,Automatic,3,11.57,2987.0,254.79,5.0,95.13,61.29,7
Tata Zest Quadrajet 1.3 75PS XE,Pune,121900,Diesel,Manual,3,22.95,1248.0,74.0,5.0,8.34,3.75,7
Tata Zest Quadrajet 1.3 75PS XE,Pune,45000,Diesel,Manual,3,22.95,1248.0,74.0,5.0,8.34,5.25,6
Honda Jazz VX,Delhi,62178,Petrol,Manual,3,18.2,1199.0,88.7,5.0,8.85,4.85,9
Toyota Innova Crysta 2.4 ZX MT,Chennai,48000,Diesel,Manual,3,13.68,2393.0,147.8,7.0,25.4,20.25,8
Honda City i-VTEC CVT ZX,Mumbai,15000,Petrol,Automatic,3,18.0,1497.0,117.3,5.0,16.67,12.69,7
Mercedes-Benz GLE 250d,Hyderabad,29000,Diesel,Automatic,3,17.9,2143.0,201.15,5.0,79.43,57.0,7
Honda Brio 1.2 VX MT,Kochi,91931,Petrol,Manual,3,18.5,1198.0,86.8,5.0,6.62,3.13,12
Audi Q7 45 TDI Quattro Technology,Coimbatore,97430,Diesel,Automatic,3,14.75,2967.0,245.0,7.0,104.0,62.67,7
Maruti Vitara Brezza LDi,Chennai,45000,Diesel,Manual,3,24.3,1248.0,88.5,5.0,9.12,7.15,8
BMW 3 Series Luxury Line,Kochi,30717,Diesel,Automatic,2,21.76,1995.0,190.0,5.0,58.67,25.99,9
Skoda Octavia RS,Jaipur,100000,Petrol,Automatic,3,14.45,1984.0,227.0,5.0,28.37,2.05,19
Maruti Alto K10 VXI,Pune,30000,Petrol,Manual,3,24.07,998.0,67.1,5.0,4.48,3.75,7
Jaguar XF 2.0 Diesel Portfolio,Hyderabad,21000,Diesel,Automatic,3,19.33,1999.0,177.0,5.0,72.64,52.0,7
Skoda Superb L&K 1.8 TSI AT,Kochi,13747,Petrol,Automatic,3,14.67,1798.0,177.46,5.0,36.15,27.3,5
Mini Clubman Cooper S,Pune,8350,Petrol,Manual,3,13.8,1998.0,192.0,5.0,44.59,35.0,7
Maruti Vitara Brezza ZDi Plus,Hyderabad,39000,Diesel,Manual,3,24.3,1248.0,88.5,5.0,12.0,9.49,7
Honda BRV i-VTEC V CVT,Kochi,35676,Petrol,Automatic,3,16.0,1497.0,117.3,7.0,14.65,9.48,7
Jaguar XE Portfolio,Mumbai,9000,Petrol,Automatic,3,13.5,1999.0,246.74,5.0,53.72,34.5,7
Mitsubishi Pajero Sport 4X2 AT DualTone BlackTop,Hyderabad,12000,Diesel,Automatic,3,13.5,2477.0,175.56,7.0,33.91,28.0,6
BMW 3 Series Luxury Line,Mumbai,41000,Diesel,Automatic,3,21.76,1995.0,190.0,5.0,60.88,25.5,9
Honda BR-V i-VTEC S MT,Pune,9000,Petrol,Manual,3,15.4,1497.0,117.3,7.0,12.51,8.5,7
Hyundai i20 Active SX Petrol,Jaipur,40250,Petrol,Manual,3,17.19,1197.0,81.86,5.0,9.74,6.9,7
Mercedes-Benz GLC 43 AMG Coupe,Coimbatore,22397,Petrol,Automatic,3,11.5,2996.0,367.0,5.0,95.38,70.99,6
Audi A6 35 TFSI Matrix,Mumbai,47000,Petrol,Automatic,3,15.26,1798.0,187.74,5.0,60.59,24.5,8
Mini Cooper Convertible S,Mumbai,11900,Petrol,Automatic,3,16.82,1998.0,189.08,4.0,44.28,28.5,10
Mahindra Bolero ZLX,Coimbatore,82756,Diesel,Manual,3,15.96,2523.0,62.1,7.0,11.28,7.7,8
Volkswagen Vento 1.6 Comfortline,Mumbai,15000,Petrol,Manual,2,16.09,1598.0,103.5,5.0,11.48,7.1,7
Maruti S-Cross Delta DDiS 200 SH,Delhi,12923,Diesel,Manual,3,25.1,1248.0,88.5,5.0,11.26,8.92,6
Audi Q3 35 TDI Quattro Premium Plus,Coimbatore,86642,Diesel,Automatic,3,15.17,1968.0,181.0,5.0,43.65,20.37,8
BMW 3 Series Luxury Line,Bangalore,19235,Diesel,Automatic,3,21.76,1995.0,190.0,5.0,62.07,36.5,8
Mercedes-Benz E-Class E 220 d,Kochi,26405,Petrol,Automatic,3,12.6,1950.0,191.34,5.0,86.97,51.43,6
Mercedes-Benz GLS 350d 4MATIC,Pune,129000,Diesel,Automatic,3,11.0,2987.0,258.0,7.0,100.0,56.0,7
Maruti Wagon R LXI,Ahmedabad,30000,Petrol,Manual,3,22.5,998.0,67.04,5.0,4.74,3.3,12
Hyundai Creta 1.6 SX,Chennai,69434,Petrol,Manual,3,15.8,1591.0,121.3,5.0,14.84,8.0,8
Mercedes-Benz New C-Class Progressive C 200,Kochi,13190,Petrol,Automatic,3,0.0,1950.0,181.43,5.0,49.49,38.99,5
BMW X1 sDrive 20d xLine,Coimbatore,31645,Diesel,Automatic,3,20.68,1995.0,190.0,5.0,48.18,29.4,7
Maruti Ertiga ZDI,Pune,105000,Diesel,Manual,2,25.47,1248.0,88.5,7.0,12.34,6.75,11
Skoda Rapid 1.5 TDI Style,Hyderabad,31000,Diesel,Manual,3,21.13,1498.0,108.4,5.0,15.38,10.5,7
Toyota Innova Crysta 2.8 GX AT,Ahmedabad,100200,Diesel,Automatic,3,11.36,2755.0,171.5,7.0,19.21,17.0,8
Jeep Compass 2.0 Limited,Jaipur,29000,Diesel,Manual,3,17.1,1956.0,170.0,5.0,22.95,19.0,6
Mahindra Bolero ZLX,Jaipur,105000,Diesel,Manual,2,15.96,2523.0,62.1,7.0,11.15,6.0,12
Volkswagen Polo 1.5 TDI Highline,Coimbatore,33558,Diesel,Manual,3,20.14,1498.0,88.0,5.0,10.32,8.12,6
Toyota Innova Crysta 2.8 ZX AT,Coimbatore,40674,Diesel,Automatic,3,11.36,2755.0,171.5,7.0,28.05,24.82,5
Mercedes-Benz GLC 220d 4MATIC Style,Mumbai,10003,Diesel,Automatic,3,17.9,2143.0,170.0,5.0,59.77,48.5,6
Volkswagen Vento 1.5 TDI Highline AT,Mumbai,25000,Diesel,Automatic,3,21.5,1498.0,108.5,5.0,15.86,9.45,8
Toyota Innova Crysta 2.4 GX MT 8S,Hyderabad,52000,Diesel,Manual,3,13.68,2393.0,147.8,8.0,19.43,17.5,7
Maruti Vitara Brezza ZDi,Pune,21558,Diesel,Manual,3,24.3,1248.0,88.5,5.0,10.65,8.9,8
Mini Cooper 5 DOOR D,Mumbai,11000,Diesel,Automatic,3,20.7,1496.0,113.98,5.0,42.12,29.5,8
Tata Safari Storme VX Varicor 400,Jaipur,37000,Diesel,Manual,3,14.1,2179.0,154.0,7.0,16.95,11.25,7
Honda BR-V i-DTEC VX MT,Kochi,32249,Diesel,Manual,3,21.9,1498.0,98.6,7.0,15.45,10.79,7
Maruti Ignis 1.2 Alpha,Mumbai,7000,Petrol,Manual,3,20.89,1197.0,81.8,5.0,7.87,5.7,7
Maruti Alto K10 VXI,Bangalore,64357,Petrol,Manual,3,24.07,998.0,67.1,5.0,4.7,2.75,13
Honda BRV i-VTEC V CVT,Mumbai,18000,Petrol,Automatic,3,16.0,1497.0,117.3,7.0,15.02,9.25,7
Maruti Vitara Brezza ZDi Plus Dual Tone,Coimbatore,18108,Diesel,Manual,3,24.3,1248.0,88.5,5.0,12.56,11.31,7
Nissan Sunny XV CVT,Kochi,37199,Petrol,Automatic,3,17.5,1498.0,99.6,5.0,11.33,5.43,11
Toyota Innova Crysta 2.4 ZX MT,Bangalore,64798,Diesel,Manual,3,13.68,2393.0,147.8,7.0,26.45,18.75,7
Maruti Dzire AMT ZXI Plus,Hyderabad,13000,Petrol,Automatic,3,22.0,1197.0,81.8,5.0,10.34,8.5,7
Hyundai Grand i10 1.2 CRDi Magna,Kolkata,14000,Diesel,Manual,3,24.0,1186.0,73.97,5.0,7.46,4.9,7
Honda City i-VTEC V,Delhi,55818,Petrol,Manual,2,17.4,1497.0,117.3,5.0,11.85,5.7,10
Maruti Ertiga VDI,Ahmedabad,63939,Diesel,Manual,3,25.47,1248.0,88.5,7.0,10.41,7.75,7
Maruti Celerio VXI AMT,Delhi,35214,Petrol,Automatic,2,23.1,998.0,67.04,5.0,5.57,3.2,10
Mini Cooper 5 DOOR D,Hyderabad,60000,Diesel,Automatic,2,20.7,1496.0,113.98,5.0,42.48,23.5,10
Honda City i-VTEC CVT VX,Bangalore,18955,Petrol,Automatic,3,18.0,1497.0,117.3,5.0,16.04,10.65,9
Honda Jazz VX,Kochi,20024,Petrol,Manual,3,18.2,1199.0,88.7,5.0,9.1,8.46,6
Ford Figo Titanium Diesel,Kolkata,72035,Diesel,Manual,3,25.5,1498.0,99.0,5.0,7.65,2.5,9
Hyundai Creta 1.6 SX,Ahmedabad,21000,Petrol,Manual,3,15.8,1591.0,121.3,5.0,13.74,10.9,8
Maruti Wagon R VXI,Coimbatore,72599,Petrol,Manual,3,22.5,998.0,67.04,5.0,5.72,4.32,9
Mahindra XUV500 W9 AT,Coimbatore,19654,Diesel,Automatic,3,14.0,2179.0,155.0,7.0,21.33,17.63,5
Mercedes-Benz GLE 250d,Mumbai,21000,Diesel,Automatic,3,17.9,2143.0,201.15,5.0,78.76,56.0,8
Honda Amaze VX Diesel,Hyderabad,12000,Diesel,Manual,3,27.4,1498.0,98.6,5.0,10.34,8.5,6
Maruti Alto K10 LXI,Pune,49000,Petrol,Manual,3,24.07,998.0,67.1,5.0,4.29,2.3,10
Volkswagen Ameo 1.5 TDI Highline,Mumbai,51000,Diesel,Manual,3,21.66,1498.0,108.62,5.0,10.04,6.45,7
Mahindra Xylo H4,Chennai,215000,Diesel,Manual,3,14.02,2179.0,118.3,7.0,11.67,7.5,8
Toyota Innova Crysta 2.4 ZX MT,Pune,43200,Diesel,Manual,3,13.68,2393.0,147.8,7.0,25.52,18.6,7
Hyundai Xcent 1.2 CRDi S,Jaipur,25302,Diesel,Manual,3,25.4,1186.0,73.97,5.0,8.56,5.9,6
Toyota Innova Crysta 2.8 ZX AT,Kochi,41736,Diesel,Automatic,3,11.36,2755.0,171.5,7.0,27.0,19.92,6
Renault KWID 1.0 RXT Optional,Jaipur,63262,Petrol,Manual,3,21.7,999.0,67.0,5.0,4.78,3.25,7
Maruti Celerio VXI Optional AMT,Pune,7500,Petrol,Automatic,3,23.1,998.0,67.04,5.0,6.14,5.0,7
Maruti Dzire VXI,Kolkata,46687,Petrol,Manual,3,22.0,1197.0,81.8,5.0,7.3,2.7,13
Datsun redi-GO T Option,Bangalore,20487,Petrol,Manual,3,22.7,799.0,53.64,5.0,4.37,2.66,8
Maruti Eeco 7 Seater Standard,Coimbatore,56661,Petrol,Manual,3,15.1,1196.0,73.0,7.0,4.98,3.61,12
Honda City i-VTEC CVT VX,Mumbai,30000,Petrol,Automatic,3,18.0,1497.0,117.3,5.0,15.29,8.65,9
Jeep Compass 2.0 Limited 4X4,Mumbai,52000,Diesel,Manual,3,16.3,1956.0,170.0,5.0,24.26,20.0,7
Land Rover Range Rover Evoque 2.0 TD4 HSE Dynamic,Kochi,31427,Diesel,Automatic,3,15.68,1999.0,177.0,5.0,75.12,59.72,6
Maruti Baleno Alpha Diesel,Kolkata,29000,Diesel,Manual,3,27.39,1248.0,74.0,5.0,9.53,6.5,8
Mitsubishi Pajero Sport 4X4,Bangalore,132000,Diesel,Manual,3,13.5,2477.0,175.56,7.0,34.6,12.49,11
Toyota Innova Crysta 2.4 ZX MT,Coimbatore,92056,Diesel,Manual,3,13.68,2393.0,147.8,7.0,26.45,18.39,6
Honda Jazz VX Diesel,Mumbai,38000,Diesel,Manual,3,27.3,1498.0,98.6,5.0,11.15,6.21,8
Mercedes-Benz C-Class Progressive C 220d,Mumbai,8682,Diesel,Automatic,3,0.0,1950.0,194.0,5.0,52.26,39.5,6
BMW 5 Series 520d Luxury Line,Mumbai,61240,Diesel,Automatic,3,22.48,1995.0,190.0,5.0,70.43,17.5,12
Renault KWID RXT Optional,Hyderabad,1900,Petrol,Manual,3,25.17,799.0,53.3,5.0,4.8,4.45,6
Ford Ecosport Signature Edition Diesel,Coimbatore,23154,Diesel,Manual,3,23.0,1498.0,98.96,5.0,12.12,11.65,5
Toyota Innova Crysta 2.4 GX MT,Chennai,67489,Diesel,Manual,3,13.68,2393.0,147.8,7.0,19.37,16.5,7
Volkswagen Vento 1.5 TDI Comfortline,Coimbatore,56658,Diesel,Manual,3,20.64,1498.0,108.5,5.0,12.14,5.39,10
Toyota Fortuner 2.8 4WD MT,Kochi,105072,Diesel,Manual,3,14.24,2755.0,174.5,7.0,36.69,13.28,11
Jeep Compass 1.4 Limited Option,Mumbai,4000,Petrol,Automatic,3,16.0,1368.0,160.0,5.0,23.68,17.75,7
Audi A4 35 TDI Technology,Hyderabad,45000,Diesel,Automatic,3,18.25,1968.0,187.74,5.0,55.61,25.0,9
Ford EcoSport 1.5 Petrol Titanium Plus AT,Coimbatore,18385,Petrol,Automatic,3,14.8,1497.0,121.36,5.0,14.1,12.41,6
Maruti S-Cross Zeta DDiS 200 SH,Coimbatore,74611,Diesel,Manual,3,25.1,1248.0,88.5,5.0,13.26,7.94,8
Toyota Innova Crysta 2.8 ZX AT,Bangalore,108000,Diesel,Automatic,3,11.36,2755.0,171.5,7.0,28.05,20.5,8
Maruti Ertiga VDI,Pune,130000,Diesel,Manual,3,25.47,1248.0,88.5,7.0,11.27,7.0,8
Maruti Vitara Brezza ZDi Plus,Kochi,34688,Diesel,Manual,3,24.3,1248.0,88.5,5.0,11.2,10.49,5
Tata Zest Revotron 1.2 XT,Mumbai,40000,Petrol,Manual,3,17.57,1193.0,88.7,5.0,8.56,3.95,10
Maruti Vitara Brezza VDi,Kolkata,35000,Diesel,Manual,3,24.3,1248.0,88.5,5.0,9.46,6.5,7
Mahindra XUV300 W8 Diesel,Chennai,97000,Diesel,Manual,3,20.0,1497.0,115.0,5.0,12.79,7.25,12
Hyundai Verna CRDi 1.6 SX Option,Kochi,89614,Diesel,Manual,3,22.0,1582.0,126.2,5.0,15.57,6.01,10
Tata Hexa XT,Delhi,55000,Diesel,Manual,3,17.6,2179.0,153.86,7.0,19.86,12.0,7
Tata Tiago 1.2 Revotron XZ,Coimbatore,9565,Petrol,Manual,3,23.84,1199.0,84.0,5.0,6.59,5.88,6
Mercedes-Benz E-Class E 220 d,Kochi,20446,Petrol,Automatic,3,12.6,1950.0,191.34,5.0,86.97,51.35,6
Mini Cooper 5 DOOR D,Ahmedabad,34000,Diesel,Automatic,3,20.7,1496.0,113.98,5.0,42.12,22.0,10
Hyundai Grand i10 1.2 Kappa Magna,Delhi,8471,Petrol,Manual,3,18.9,1197.0,81.86,5.0,6.54,5.0,7
Toyota Innova Crysta 2.8 ZX AT,Hyderabad,69000,Diesel,Automatic,3,11.36,2755.0,171.5,7.0,26.56,19.75,8
Renault Duster 110PS Diesel RxZ AMT,Coimbatore,30090,Diesel,Automatic,3,19.6,1461.0,108.45,5.0,15.05,11.44,7
Mahindra Bolero ZLX,Mumbai,40448,Diesel,Manual,3,15.96,2523.0,62.1,7.0,11.01,3.5,8
Maruti Vitara Brezza ZDi,Coimbatore,64456,Diesel,Manual,3,24.3,1248.0,88.5,5.0,11.0,10.46,6
Honda Amaze S Petrol,Kochi,51672,Petrol,Manual,3,19.5,1199.0,88.76,5.0,7.55,5.68,8
Hyundai Grand i10 1.2 Kappa Asta,Hyderabad,20000,Petrol,Manual,3,18.9,1197.0,81.86,5.0,7.82,5.98,7
Hyundai Grand i10 1.2 Kappa Magna,Kochi,50234,Petrol,Manual,3,18.9,1197.0,81.86,5.0,6.32,4.77,6
Hyundai Verna VTVT 1.6 AT SX Option,Mumbai,40600,Petrol,Automatic,3,17.0,1591.0,121.3,5.0,15.14,7.2,9
Hyundai Verna CRDi 1.6 AT SX Option,Ahmedabad,87000,Diesel,Automatic,3,22.0,1582.0,126.2,5.0,15.72,5.9,11
Volvo S60 D4 Momentum,Hyderabad,51000,Diesel,Automatic,3,27.03,1969.0,190.0,5.0,45.67,25.0,9
BMW 3 Series 320d Luxury Line,Chennai,65000,Diesel,Automatic,3,22.69,1995.0,190.0,5.0,54.7,14.0,12
Toyota Innova Crysta 2.4 VX MT,Hyderabad,24393,Diesel,Manual,3,13.68,2393.0,147.8,7.0,22.87,20.4,7
Volkswagen Polo 1.0 MPI Trendline,Hyderabad,1000,Petrol,Manual,3,18.78,999.0,75.0,5.0,6.74,5.68,5
Mitsubishi Pajero Sport 4X4,Mumbai,59000,Diesel,Manual,3,13.5,2477.0,175.56,7.0,33.09,12.75,11
Toyota Corolla Altis 1.8 VL CVT,Delhi,21000,Petrol,Automatic,3,14.28,1798.0,138.03,5.0,23.25,18.0,7
Toyota Corolla Altis 1.4 DG,Ahmedabad,52000,Diesel,Manual,3,21.43,1364.0,86.79,5.0,19.27,6.5,12
Jaguar XE 2.0L Diesel Prestige,Delhi,1000,Diesel,Automatic,3,13.6,1999.0,177.0,5.0,52.77,40.0,6
Mahindra Xylo D4,Chennai,85000,Diesel,Manual,3,14.95,2489.0,93.7,7.0,11.67,6.15,8
Maruti Swift VDI,Kochi,34613,Diesel,Manual,3,28.4,1248.0,74.0,5.0,7.92,6.24,7
Hyundai Xcent 1.2 VTVT S,Bangalore,54000,Petrol,Manual,3,20.14,1197.0,81.86,5.0,7.85,5.5,10
Honda City i-VTEC CVT VX,Kochi,22974,Petrol,Automatic,3,18.0,1497.0,117.3,5.0,15.55,11.97,6
Toyota Fortuner 2.8 2WD MT,Ahmedabad,65012,Diesel,Manual,3,14.24,2755.0,174.5,7.0,32.45,18.9,9
Maruti Eeco 7 Seater Standard,Hyderabad,90413,Petrol,Manual,3,15.1,1196.0,73.0,7.0,4.83,2.95,9
Maruti Swift LDI,Mumbai,14000,Diesel,Manual,3,28.4,1248.0,74.0,5.0,7.13,5.25,9
BMW 5 Series 520d Luxury Line,Coimbatore,44450,Diesel,Automatic,3,22.48,1995.0,190.0,5.0,71.82,24.68,12
BMW X1 M Sport sDrive 20d,Mumbai,31000,Diesel,Automatic,3,17.05,1995.0,190.0,5.0,50.97,29.5,8
Hyundai Verna CRDi 1.4 E,Chennai,121097,Diesel,Manual,2,24.0,1396.0,88.76,5.0,10.73,1.9,16
Fiat Linea Classic Plus 1.3 Multijet,Jaipur,86000,Diesel,Manual,2,19.5,1248.0,75.0,5.0,9.5,2.5,11
BMW 3 Series 320d Luxury Line,Kochi,37613,Diesel,Automatic,3,22.69,1995.0,190.0,5.0,52.46,13.95,11
Maruti Ignis 1.2 Delta,Coimbatore,16862,Petrol,Manual,3,20.89,1197.0,81.8,5.0,6.07,6.06,5
Audi Q7 45 TDI Quattro Technology,Mumbai,20002,Diesel,Automatic,3,14.75,2967.0,245.0,7.0,104.0,67.0,8
Maruti Alto K10 VXI,Kolkata,2100,Petrol,Manual,3,24.07,998.0,67.1,5.0,4.33,3.6,6
Hyundai Grand i10 1.2 Kappa Sportz AT,Coimbatore,20667,Petrol,Automatic,3,18.9,1197.0,81.86,5.0,8.63,7.55,6
Hyundai Grand i10 1.2 Kappa Sportz,Kochi,18453,Petrol,Manual,3,18.9,1197.0,81.86,5.0,6.68,6.17,5
Hyundai Verna CRDi 1.6 SX,Hyderabad,96578,Diesel,Manual,3,22.0,1582.0,126.2,5.0,14.07,2.5,16
Renault Duster 110PS Diesel RxZ AMT,Bangalore,45000,Diesel,Automatic,3,19.6,1461.0,108.45,5.0,15.05,11.5,8
Hyundai Grand i10 1.2 Kappa Magna AT,Bangalore,3000,Petrol,Automatic,3,18.9,1197.0,81.86,5.0,7.98,6.2,6
Toyota Innova Crysta 2.8 ZX AT,Kolkata,66618,Diesel,Automatic,3,11.36,2755.0,171.5,7.0,24.82,15.49,8
Tata Zest Revotron 1.2T XM,Mumbai,43706,Petrol,Manual,3,17.57,1193.0,88.7,5.0,7.63,4.0,8
Toyota Innova Crysta 2.4 VX MT,Kochi,8899,Diesel,Manual,3,13.68,2393.0,147.8,7.0,22.86,19.92,6
Ford EcoSport 1.5 Petrol Titanium,Pune,17000,Petrol,Manual,3,17.0,1497.0,121.36,5.0,11.06,9.2,6
Maruti Alto K10 VXI,Hyderabad,10000,Petrol,Manual,3,24.07,998.0,67.1,5.0,4.53,3.5,8
Toyota Corolla Altis 1.8 G,Mumbai,93000,Petrol,Manual,3,14.28,1798.0,138.03,5.0,19.39,4.5,14
Hyundai Elantra 2.0 SX Option AT,Delhi,9500,Petrol,Automatic,3,14.62,1999.0,149.92,5.0,21.77,16.35,7
Hyundai Creta 1.6 SX Automatic Diesel,Chennai,55000,Diesel,Automatic,3,17.6,1582.0,126.2,5.0,18.35,12.5,8
Volkswagen Ameo 1.5 TDI Comfortline,Jaipur,58095,Diesel,Manual,3,21.66,1498.0,108.62,5.0,9.19,5.8,8
Tata Zest Revotron 1.2 XT,Kolkata,7445,Petrol,Manual,3,17.57,1193.0,88.7,5.0,8.09,5.0,9
Toyota Corolla Altis 1.8 VL CVT,Kochi,28321,Petrol,Automatic,3,14.28,1798.0,138.03,5.0,23.25,17.49,6
Land Rover Range Rover Sport SE,Kochi,26013,Diesel,Automatic,3,12.65,2993.0,255.0,5.0,139.0,97.07,5
Maruti Dzire AMT ZDI Plus,Hyderabad,28226,Diesel,Automatic,3,28.4,1248.0,73.75,5.0,11.52,9.15,7
Ford EcoSport 1.5 Diesel Titanium Plus,Chennai,29200,Diesel,Manual,3,23.0,1498.0,98.96,5.0,13.23,7.7,8
Tata Zest Quadrajet 1.3 XT,Coimbatore,38310,Diesel,Manual,3,20.65,1248.0,88.7,5.0,10.06,6.69,6
Skoda Rapid 1.5 TDI AT Style,Kolkata,31300,Diesel,Automatic,3,21.72,1498.0,108.4,5.0,15.34,10.5,7
Toyota Innova Crysta 2.4 VX MT 8S,Coimbatore,11241,Diesel,Manual,3,13.68,2393.0,147.8,8.0,24.01,22.55,5
Mahindra Thar CRDe,Jaipur,19000,Diesel,Manual,3,16.55,2498.0,105.0,6.0,11.39,9.25,8
Ford Aspire Titanium Diesel,Coimbatore,30279,Diesel,Manual,3,26.1,1498.0,99.0,5.0,9.79,7.29,7
Mini Cooper 3 DOOR D,Mumbai,20000,Diesel,Automatic,3,20.7,1496.0,113.98,4.0,35.0,23.5,8
Mahindra Verito 1.5 D4 BSIV,Pune,90000,Diesel,Manual,2,21.03,1461.0,65.0,5.0,9.26,3.1,9
Volkswagen Ameo 1.2 MPI Highline,Coimbatore,22389,Petrol,Manual,3,17.0,1198.0,73.75,5.0,8.68,7.23,7
Land Rover Discovery Sport TD4 HSE 7S,Mumbai,40000,Diesel,Automatic,3,12.81,1999.0,148.31,7.0,66.39,41.5,7
Volkswagen Tiguan 2.0 TDI Highline,Jaipur,50510,Diesel,Automatic,3,17.06,1968.0,141.0,5.0,36.45,24.9,7
Audi Q7 45 TDI Quattro Premium Plus,Kochi,6773,Diesel,Automatic,3,14.75,2967.0,245.0,7.0,91.38,72.94,5
Mahindra Bolero ZLX,Jaipur,63000,Diesel,Manual,3,15.96,2523.0,62.1,7.0,11.15,5.5,11
BMW X1 M Sport sDrive 20d,Kochi,32838,Diesel,Automatic,3,17.05,1995.0,190.0,5.0,50.97,30.29,7
Jaguar XE 2.0L Diesel Prestige,Hyderabad,4000,Diesel,Automatic,3,13.6,1999.0,177.0,5.0,53.41,38.0,7
Maruti Wagon R LXI,Delhi,45631,Petrol,Manual,2,22.5,998.0,67.04,5.0,4.59,2.74,12
Hyundai Grand i10 1.2 Kappa Magna,Delhi,12248,Petrol,Manual,3,18.9,1197.0,81.86,5.0,6.54,4.9,7
Maruti Alto K10 VXI,Coimbatore,48624,Petrol,Manual,3,24.07,998.0,67.1,5.0,4.7,3.22,13
BMW 5 Series 520d Luxury Line,Kochi,32586,Diesel,Automatic,3,22.48,1995.0,190.0,5.0,67.87,37.3,6
Mercedes-Benz GLE 350d,Coimbatore,40129,Diesel,Automatic,3,11.57,2987.0,254.79,5.0,95.13,70.8,6
Hyundai Grand i10 1.2 Kappa Sportz,Kochi,10393,Petrol,Manual,3,18.9,1197.0,81.86,5.0,6.62,6.03,6
Honda Amaze V CVT Petrol,Pune,1700,Petrol,Automatic,3,19.0,1199.0,88.76,5.0,9.44,7.8,6
Audi Q3 35 TDI Quattro Premium Plus,Coimbatore,58661,Diesel,Automatic,3,15.17,1968.0,181.0,5.0,48.64,28.03,8
Mahindra Xylo D4,Hyderabad,169000,Diesel,Manual,3,14.95,2489.0,93.7,7.0,11.69,5.0,9
Maruti Ciaz Zeta,Mumbai,5500,Petrol,Manual,3,21.56,1462.0,103.25,5.0,11.11,8.2,7
Maruti Wagon R LXI,Ahmedabad,21002,Petrol,Manual,3,22.5,998.0,67.04,5.0,4.74,2.75,14
Maruti Eeco 7 Seater Standard,Coimbatore,28371,Petrol,Manual,3,15.1,1196.0,73.0,7.0,4.98,4.74,7
Renault KWID Climber 1.0 MT,Delhi,15000,Petrol,Manual,3,21.7,999.0,67.0,5.0,4.98,4.25,7
Honda WRV i-VTEC VX,Kochi,15135,Petrol,Manual,3,17.5,1199.0,88.7,5.0,10.57,9.29,6
Maruti Wagon R VXI AMT,Coimbatore,37832,Petrol,Automatic,3,22.5,998.0,67.0,5.0,6.33,5.23,7
Hyundai Grand i10 1.2 Kappa Asta,Coimbatore,43041,Petrol,Manual,3,18.9,1197.0,81.86,5.0,8.1,6.01,8
Hyundai Grand i10 1.2 Kappa Magna,Kolkata,31184,Petrol,Manual,3,18.9,1197.0,81.86,5.0,6.4,5.0,7
Maruti Dzire AMT ZDI Plus,Pune,41747,Diesel,Automatic,3,28.4,1248.0,73.75,5.0,11.26,9.0,7
Toyota Etios Liva 1.2 VX Dual Tone,Coimbatore,20877,Petrol,Manual,3,18.16,1197.0,78.9,5.0,7.59,7.27,5
Maruti Swift VXI,Mumbai,23555,Petrol,Manual,3,22.0,1197.0,81.8,5.0,7.0,5.1,8
Volkswagen Polo GT TSI,Mumbai,28000,Petrol,Automatic,3,17.21,1197.0,103.5,5.0,11.26,7.25,8
Tata Bolt Quadrajet XE,Hyderabad,40000,Diesel,Manual,3,22.95,1248.0,74.0,5.0,7.43,5.25,7
Hyundai Elantra 1.6 SX Option AT,Ahmedabad,49000,Diesel,Automatic,3,18.23,1582.0,126.2,5.0,22.43,8.9,10
Jeep Compass 2.0 Limited Option Black,Mumbai,7000,Diesel,Manual,3,17.1,1956.0,170.0,5.0,24.02,17.45,7
Toyota Corolla Altis 1.8 GL,Kochi,83184,Petrol,Manual,3,14.28,1798.0,138.03,5.0,21.69,6.22,12
Mercedes-Benz GLE 350d,Coimbatore,33552,Diesel,Automatic,3,11.57,2987.0,254.79,5.0,95.13,64.87,7
Mercedes-Benz A Class A180 Sport,Mumbai,17000,Petrol,Automatic,3,15.5,1595.0,122.0,5.0,34.63,17.25,8
Hyundai Grand i10 1.2 Kappa Magna,Kochi,46493,Petrol,Manual,3,18.9,1197.0,81.86,5.0,6.32,5.53,6
BMW 3 Series 320d,Ahmedabad,100000,Diesel,Automatic,2,22.69,1995.0,190.0,5.0,43.31,10.9,13
Maruti Eeco 7 Seater Standard,Mumbai,34669,Petrol,Manual,3,15.1,1196.0,73.0,7.0,4.71,2.9,10
Toyota Innova Crysta 2.8 GX AT,Kochi,10601,Diesel,Automatic,3,11.36,2755.0,171.5,7.0,20.74,19.65,5
Mercedes-Benz GLS 350d Grand Edition,Delhi,6000,Diesel,Automatic,3,11.0,2987.0,258.0,7.0,102.0,79.0,6
Hyundai Grand i10 1.2 Kappa Sportz,Delhi,9434,Petrol,Manual,3,18.9,1197.0,81.86,5.0,6.71,5.75,6
Volkswagen Ameo 1.2 MPI Highline,Coimbatore,35569,Petrol,Manual,3,17.0,1198.0,73.75,5.0,8.68,7.27,6
Toyota Fortuner 2.8 2WD AT,Ahmedabad,15000,Diesel,Automatic,3,12.9,2755.0,174.5,7.0,34.45,30.0,7
Maruti Dzire VDI,Delhi,45376,Diesel,Manual,3,28.4,1248.0,73.75,5.0,8.58,5.75,8
Ford EcoSport 1.5 Diesel Titanium Plus,Kochi,78526,Diesel,Manual,3,23.0,1498.0,98.96,5.0,12.67,8.09,7
BMW X1 sDrive 20d xLine,Coimbatore,42265,Diesel,Automatic,2,20.68,1995.0,190.0,5.0,48.18,22.24,9
Ford EcoSport 1.5 Diesel Titanium,Mumbai,26000,Diesel,Manual,3,23.0,1498.0,98.96,5.0,11.89,8.99,7
Maruti Dzire ZDI Plus,Jaipur,24000,Diesel,Manual,3,28.4,1248.0,73.75,5.0,10.48,8.2,7
Hyundai Verna VTVT 1.6 SX Option,Delhi,57478,Petrol,Manual,2,17.0,1591.0,121.3,5.0,13.59,5.25,11
Maruti Vitara Brezza ZDi,Hyderabad,41372,Diesel,Manual,3,24.3,1248.0,88.5,5.0,11.02,9.3,8
Mercedes-Benz GLA Class 200 d Sport,Pune,35000,Diesel,Automatic,3,17.9,2143.0,136.0,5.0,41.94,23.5,7
Maruti Dzire VDI,Mumbai,74000,Diesel,Manual,2,28.4,1248.0,73.75,5.0,8.94,4.25,12
Jeep Compass 2.0 Longitude,Kochi,28937,Diesel,Manual,3,17.1,1956.0,170.0,5.0,21.38,17.02,6
Toyota Corolla Altis 1.4 DG,Coimbatore,63854,Diesel,Manual,3,21.43,1364.0,86.79,5.0,19.27,7.12,11
Maruti Vitara Brezza ZDi Plus AMT Dual Tone,Chennai,3000,Diesel,Automatic,3,24.3,1248.0,88.5,5.0,12.88,11.25,6
Hyundai Xcent 1.2 VTVT SX,Mumbai,64241,Petrol,Manual,3,20.14,1197.0,81.86,5.0,8.27,3.67,10
BMW X1 sDrive 20d xLine,Bangalore,28143,Diesel,Automatic,3,20.68,1995.0,190.0,5.0,48.18,28.5,8
Toyota Innova Crysta 2.4 VX MT,Hyderabad,67000,Diesel,Manual,3,13.68,2393.0,147.8,7.0,22.87,16.5,7
Hyundai Grand i10 1.2 Kappa Magna AT,Kochi,5354,Petrol,Automatic,3,18.9,1197.0,81.86,5.0,7.37,6.76,6
Volkswagen Polo 1.0 MPI Comfortline,Chennai,42000,Petrol,Manual,2,18.78,999.0,75.0,5.0,7.33,5.5,8
Maruti Eeco 7 Seater Standard,Coimbatore,54885,Petrol,Manual,3,15.1,1196.0,73.0,7.0,4.98,3.75,11
Toyota Innova Crysta 2.4 VX MT,Mumbai,25121,Diesel,Manual,3,13.68,2393.0,147.8,7.0,23.06,17.11,8
Mahindra Bolero SLE,Hyderabad,75000,Diesel,Manual,3,15.96,2523.0,62.1,7.0,10.32,4.3,12
Maruti Ignis 1.2 Alpha,Mumbai,1000,Petrol,Manual,3,20.89,1197.0,81.8,5.0,7.87,6.36,7
BMW 7 Series 730Ld Eminence,Kochi,29966,Diesel,Automatic,2,16.77,2993.0,261.49,5.0,140.0,43.6,9
Jeep Compass 2.0 Longitude,Coimbatore,33218,Diesel,Manual,3,17.1,1956.0,170.0,5.0,22.46,19.05,6
Mini Cooper 5 DOOR D,Hyderabad,2000,Diesel,Automatic,3,20.7,1496.0,113.98,5.0,42.48,34.0,7
Tata Zest Revotron 1.2T XMS,Chennai,40000,Petrol,Manual,3,17.57,1193.0,88.7,5.0,7.69,4.0,9
Ford Aspire Titanium Plus Diesel,Kolkata,2800,Diesel,Manual,3,26.1,1498.0,99.0,5.0,9.4,8.41,9
Hyundai Grand i10 1.2 Kappa Asta,Coimbatore,37429,Petrol,Manual,3,18.9,1197.0,81.86,5.0,8.1,5.89,8
Honda City i-VTEC V,Delhi,67031,Petrol,Manual,3,17.4,1497.0,117.3,5.0,11.85,4.0,13
Maruti Celerio VXI AMT,Mumbai,47691,Petrol,Automatic,3,23.1,998.0,67.04,5.0,6.08,3.94,8
Maruti Dzire VDI,Kolkata,28193,Diesel,Manual,3,28.4,1248.0,73.75,5.0,8.36,5.25,9
Mercedes-Benz SLC 43 AMG,Coimbatore,2526,Petrol,Automatic,3,19.0,2996.0,362.07,2.0,106.0,83.96,5
Mercedes-Benz E-Class E 220 d,Hyderabad,85000,Diesel,Automatic,3,16.1,1950.0,194.0,5.0,71.15,21.0,11
Hyundai Grand i10 1.2 Kappa Sportz,Ahmedabad,20780,Petrol,Manual,3,18.9,1197.0,81.86,5.0,6.82,4.3,9
Mercedes-Benz GLE 250d,Kochi,25601,Diesel,Automatic,3,17.9,2143.0,201.15,5.0,78.76,56.73,7
Ford Freestyle Titanium Petrol,Mumbai,1261,Petrol,Manual,3,19.0,1194.0,94.68,5.0,8.12,6.0,17
Hyundai Elite i20 Asta Option,Coimbatore,59450,Petrol,Manual,3,18.6,1197.0,81.86,5.0,9.78,7.53,7
Maruti Baleno Delta,Mumbai,12573,Petrol,Manual,3,21.4,1197.0,83.1,5.0,7.36,5.8,8
Toyota Fortuner 2.8 2WD AT,Pune,29000,Diesel,Automatic,3,12.9,2755.0,174.5,7.0,38.11,31.0,7
Maruti Ertiga ZDI,Delhi,68000,Diesel,Manual,3,25.47,1248.0,88.5,7.0,11.75,4.85,11
Maruti Swift VDI,Hyderabad,84000,Diesel,Manual,3,28.4,1248.0,74.0,5.0,8.44,5.65,11
Hyundai Creta 1.6 SX Option,Delhi,24347,Petrol,Manual,3,15.8,1591.0,121.3,5.0,16.06,11.0,8
Honda City i-VTEC CVT VX,Mumbai,17000,Petrol,Automatic,3,18.0,1497.0,117.3,5.0,15.29,11.6,7
Honda Brio 1.2 VX MT,Kochi,41460,Petrol,Manual,3,18.5,1198.0,86.8,5.0,6.63,3.95,10
Land Rover Discovery HSE Luxury 3.0 TD6,Mumbai,35000,Diesel,Automatic,3,18.0,2993.0,255.0,7.0,127.0,41.6,7
Toyota Fortuner 2.8 4WD MT,Bangalore,150386,Diesel,Manual,3,14.24,2755.0,174.5,7.0,39.6,23.0,9
Maruti Vitara Brezza ZDi Plus,Ahmedabad,80000,Diesel,Manual,3,24.3,1248.0,88.5,5.0,10.91,8.0,7
Hyundai Tucson 2.0 Dual VTVT 2WD AT GL,Mumbai,13000,Petrol,Automatic,3,12.95,1999.0,152.88,5.0,25.75,17.75,8
Maruti Wagon R VXI,Kolkata,16956,Petrol,Manual,3,22.5,998.0,67.04,5.0,5.29,3.6,8
Maruti Wagon R VXI,Mumbai,38000,Petrol,Manual,2,22.5,998.0,67.04,5.0,5.61,1.75,14
Honda Brio 1.2 VX AT,Mumbai,20000,Petrol,Automatic,3,16.5,1198.0,86.8,5.0,8.05,5.99,7
Toyota Etios Cross 1.4L GD,Kochi,36681,Diesel,Manual,3,23.59,1364.0,67.06,5.0,8.82,6.71,8
Honda City i-VTEC CVT ZX,Coimbatore,20300,Petrol,Automatic,3,18.0,1497.0,117.3,5.0,17.38,14.21,6
Maruti Celerio ZXI MT,Kochi,21799,Petrol,Manual,3,23.1,998.0,67.04,5.0,5.69,5.11,7
Toyota Innova Crysta 2.8 ZX AT,Hyderabad,35358,Diesel,Automatic,3,11.36,2755.0,171.5,7.0,26.56,22.99,7
Tata Tiago 1.2 Revotron XT,Jaipur,42700,Petrol,Manual,3,23.84,1199.0,84.0,5.0,5.61,3.6,8
Toyota Fortuner 2.8 4WD MT,Hyderabad,110000,Diesel,Manual,3,14.24,2755.0,174.5,7.0,37.51,13.7,14
Maruti Wagon R VXI 1.2,Mumbai,55000,Petrol,Manual,3,21.5,1197.0,81.8,5.0,5.88,3.1,9
Honda City i-DTEC ZX,Hyderabad,46000,Diesel,Manual,3,25.6,1498.0,98.6,5.0,16.95,12.9,7
BMW 5 Series 520d Luxury Line,Ahmedabad,95000,Diesel,Automatic,2,22.48,1995.0,190.0,5.0,63.71,17.5,12
Ford EcoSport 1.5 Diesel Titanium,Delhi,39000,Diesel,Manual,3,23.0,1498.0,98.96,5.0,11.47,8.45,7
Toyota Fortuner 2.8 4WD MT,Mumbai,140000,Diesel,Manual,3,14.24,2755.0,174.5,7.0,37.46,10.75,14
Maruti Swift VDI,Kochi,62192,Diesel,Manual,3,28.4,1248.0,74.0,5.0,7.88,5.22,8
Maruti Ciaz Alpha,Kochi,38394,Petrol,Manual,3,21.56,1462.0,103.25,5.0,11.37,9.18,6
Hyundai Elantra 2.0 SX Option AT,Delhi,28000,Petrol,Automatic,3,14.62,1999.0,149.92,5.0,21.77,13.9,8
Volkswagen Vento 1.5 TDI Trendline,Mumbai,47000,Diesel,Manual,3,20.64,1498.0,108.5,5.0,11.3,3.25,13
Mercedes-Benz E-Class E 350 d,Coimbatore,9312,Diesel,Automatic,3,18.0,2987.0,258.0,5.0,92.5,78.8,5
Hyundai Elantra 2.0 SX Option AT,Coimbatore,58239,Petrol,Automatic,3,14.62,1999.0,149.92,5.0,23.64,9.69,9
Nissan Terrano XL D Option,Mumbai,51000,Diesel,Manual,3,19.87,1461.0,83.14,5.0,15.06,5.65,10
Toyota Fortuner 2.8 2WD AT,Ahmedabad,88008,Diesel,Automatic,2,12.9,2755.0,174.5,7.0,34.45,22.5,8
Mercedes-Benz GLA Class 200 d Sport,Mumbai,10000,Diesel,Automatic,3,17.9,2143.0,136.0,5.0,41.94,28.9,6
Mini Cooper Convertible S,Chennai,17000,Petrol,Automatic,2,16.82,1998.0,189.08,4.0,44.28,22.0,12
Mini Cooper 3 DOOR S,Mumbai,21000,Petrol,Automatic,3,17.44,1998.0,189.08,4.0,39.57,21.5,11
Skoda Rapid 1.6 MPI AT Ambition,Mumbai,32000,Petrol,Automatic,3,14.84,1598.0,103.52,5.0,13.7,8.11,7
Maruti Ertiga VDI,Delhi,65000,Diesel,Manual,3,25.47,1248.0,88.5,7.0,11.16,7.65,7
Ford EcoSport 1.5 Petrol Trend,Kolkata,21460,Petrol,Manual,3,17.0,1497.0,121.36,5.0,9.47,6.0,8
Honda Jazz V CVT,Hyderabad,33000,Petrol,Automatic,3,19.0,1199.0,88.7,5.0,10.17,7.25,9
Maruti Vitara Brezza ZDi Plus,Jaipur,48324,Diesel,Manual,3,24.3,1248.0,88.5,5.0,11.47,9.0,7
Hyundai Grand i10 1.2 CRDi Sportz,Kochi,20773,Diesel,Manual,3,24.0,1186.0,73.97,5.0,8.17,5.92,7
Volkswagen Polo 1.5 TDI Highline,Kolkata,22000,Diesel,Manual,3,20.14,1498.0,88.0,5.0,9.58,6.29,8
BMW 3 Series 320d,Mumbai,25000,Diesel,Automatic,3,22.69,1995.0,190.0,5.0,47.87,17.99,11
Mahindra Xylo H4,Chennai,82000,Diesel,Manual,2,14.02,2179.0,118.3,7.0,11.67,4.85,9
Maruti Dzire VDI,Hyderabad,110000,Diesel,Manual,3,28.4,1248.0,73.75,5.0,9.14,4.0,13
Volkswagen Polo 1.5 TDI Highline,Delhi,68038,Diesel,Manual,3,20.14,1498.0,88.0,5.0,9.96,3.6,12
BMW 5 Series 520d Luxury Line,Ahmedabad,55000,Diesel,Automatic,3,22.48,1995.0,190.0,5.0,63.71,21.75,11
Mercedes-Benz GLC 220d 4MATIC Sport,Mumbai,25000,Diesel,Automatic,3,17.9,2143.0,170.0,5.0,64.14,45.0,7
Maruti Alto K10 VXI,Coimbatore,46808,Petrol,Manual,2,24.07,998.0,67.1,5.0,4.7,3.19,13
Hyundai Xcent 1.2 VTVT S,Coimbatore,65743,Petrol,Manual,3,20.14,1197.0,81.86,5.0,7.85,6.2,9
Hyundai Creta 1.6 SX Option,Mumbai,29477,Petrol,Manual,3,15.8,1591.0,121.3,5.0,16.36,10.25,8
Toyota Fortuner 2.8 2WD AT,Delhi,40000,Diesel,Automatic,3,12.9,2755.0,174.5,7.0,37.38,30.0,7
Ford EcoSport 1.5 Diesel Titanium,Mumbai,30000,Diesel,Manual,3,23.0,1498.0,98.96,5.0,11.89,8.99,7
Tata Zest Revotron 1.2T XE,Delhi,47000,Petrol,Manual,2,17.57,1193.0,88.7,5.0,6.62,4.5,7
Maruti Vitara Brezza ZDi Plus Dual Tone,Kochi,45362,Diesel,Manual,3,24.3,1248.0,88.5,5.0,11.75,9.38,7
Tata Hexa XTA,Coimbatore,14233,Diesel,Automatic,3,17.6,2179.0,153.86,7.0,22.74,17.85,5
Skoda Superb Style 1.8 TSI AT,Mumbai,62004,Petrol,Automatic,2,14.67,1798.0,177.46,5.0,33.36,3.75,14
Volkswagen Vento 1.5 TDI Highline AT,Mumbai,25500,Diesel,Automatic,3,21.5,1498.0,108.5,5.0,15.86,8.95,8
Mercedes-Benz E-Class E 220 d,Mumbai,11000,Diesel,Automatic,3,16.1,1950.0,194.0,5.0,70.55,56.5,6
BMW 3 Series 320d Luxury Line,Mumbai,18600,Diesel,Automatic,2,22.69,1995.0,190.0,5.0,54.43,21.0,10
Land Rover Discovery SE 3.0 TD6,Delhi,59000,Diesel,Automatic,3,18.0,2993.0,255.0,7.0,112.99999999999999,36.75,8
Mercedes-Benz CLA 200 CDI Sport,Coimbatore,20969,Diesel,Automatic,3,17.9,2143.0,136.0,5.0,45.36,27.87,7
Maruti Vitara Brezza ZDi,Kolkata,2900,Diesel,Manual,3,24.3,1248.0,88.5,5.0,10.13,8.75,6
Skoda Rapid 1.5 TDI Ambition,Coimbatore,5833,Diesel,Manual,3,21.13,1498.0,108.4,5.0,14.22,11.92,6
Mahindra NuvoSport N8,Coimbatore,37712,Diesel,Manual,3,17.45,1493.0,100.0,7.0,11.77,7.57,7
Datsun redi-GO T Option,Kochi,30953,Petrol,Manual,3,22.7,799.0,53.64,5.0,4.05,3.48,6
Jeep Compass 2.0 Limited 4X4,Coimbatore,48188,Diesel,Manual,3,16.3,1956.0,170.0,5.0,26.95,21.69,6
Toyota Innova Crysta 2.8 ZX AT,Coimbatore,65367,Diesel,Automatic,3,11.36,2755.0,171.5,7.0,28.05,20.14,7
Maruti Wagon R VXI AMT,Mumbai,8000,Petrol,Automatic,3,22.5,998.0,67.0,5.0,6.14,4.15,8
Maruti Alto K10 VXI,Mumbai,13198,Petrol,Manual,3,24.07,998.0,67.1,5.0,4.82,3.15,8
Tata Tiago AMT 1.2 Revotron XZA,Coimbatore,15379,Petrol,Automatic,3,23.84,1199.0,83.83,5.0,7.17,6.97,5
Mini Cooper Convertible S,Mumbai,15000,Petrol,Automatic,3,16.82,1998.0,189.08,4.0,44.28,35.0,8
Hyundai Verna CRDi 1.6 SX Option,Pune,50000,Diesel,Manual,3,22.0,1582.0,126.2,5.0,15.72,11.5,7
Renault Duster 85PS Diesel RxE,Pune,54000,Diesel,Manual,3,19.87,1461.0,83.8,5.0,11.27,6.5,8
Honda BRV i-VTEC V MT,Pune,9200,Petrol,Manual,3,15.4,1497.0,117.3,7.0,13.58,8.0,8
Honda Amaze S Diesel,Hyderabad,29000,Diesel,Manual,3,27.4,1498.0,98.6,5.0,9.09,5.99,9
Maruti Alto K10 VXI,Kochi,46805,Petrol,Manual,3,24.07,998.0,67.1,5.0,4.09,3.63,6
Tata Zest Revotron 1.2T XE,Mumbai,100000,Petrol,Manual,3,17.57,1193.0,88.7,5.0,6.83,4.25,7
Maruti Wagon R LXI,Kochi,15466,Petrol,Manual,3,22.5,998.0,67.04,5.0,5.04,3.36,13
BMW 3 Series 320d,Kolkata,70000,Diesel,Automatic,3,22.69,1995.0,190.0,5.0,43.81,10.3,13
Maruti Wagon R VXI,Kochi,41994,Petrol,Manual,3,22.5,998.0,67.04,5.0,5.12,3.41,10
Audi Q3 35 TDI Quattro Premium Plus,Bangalore,51000,Diesel,Automatic,3,15.17,1968.0,181.0,5.0,48.64,27.5,9
Maruti Wagon R VXI 1.2,Jaipur,64876,Petrol,Manual,3,21.5,1197.0,81.8,5.0,5.71,3.5,9
Maruti Vitara Brezza ZDi Plus Dual Tone,Coimbatore,25299,Diesel,Manual,3,24.3,1248.0,88.5,5.0,12.56,10.34,7
Honda Amaze V Petrol,Kochi,40866,Petrol,Manual,3,19.5,1199.0,86.76,5.0,8.16,5.47,8
Mini Cooper Convertible S,Kochi,20469,Petrol,Automatic,3,16.82,1998.0,189.08,4.0,44.28,35.98,7
Volkswagen Ameo 1.5 TDI Highline,Kochi,31426,Diesel,Manual,3,21.66,1498.0,108.62,5.0,9.72,7.9,6
Maruti Baleno Alpha CVT,Kochi,13574,Petrol,Automatic,3,21.4,1197.0,83.1,5.0,10.3,9.51,5
BMW 5 Series 520d Luxury Line,Ahmedabad,90000,Diesel,Automatic,3,22.48,1995.0,190.0,5.0,63.71,19.5,11
Maruti Vitara Brezza ZDi Plus,Kochi,38426,Diesel,Manual,3,24.3,1248.0,88.5,5.0,11.12,9.13,7
Maruti Eeco 7 Seater Standard,Pune,45000,Petrol,Manual,3,15.1,1196.0,73.0,7.0,4.69,2.25,13
Maruti Wagon R LXI,Mumbai,37822,Petrol,Manual,3,22.5,998.0,67.04,5.0,5.04,2.35,14
Toyota Innova Crysta 2.4 VX MT 8S,Coimbatore,72202,Diesel,Manual,3,13.68,2393.0,147.8,8.0,24.01,17.92,7
Mercedes-Benz GLE 350d,Coimbatore,30706,Diesel,Automatic,3,11.57,2987.0,254.79,5.0,95.13,59.29,6
Maruti Baleno Alpha,Mumbai,12208,Petrol,Manual,3,21.4,1197.0,83.1,5.0,8.78,6.75,8
Volkswagen Polo GT TSI,Mumbai,27853,Petrol,Automatic,3,17.21,1197.0,103.5,5.0,11.26,8.25,7
Hyundai Grand i10 1.2 Kappa Sportz,Kochi,20689,Petrol,Manual,3,18.9,1197.0,81.86,5.0,6.68,6.07,6
Renault KWID 1.0 RXT Optional AMT,Coimbatore,53285,Petrol,Automatic,3,22.5,999.0,67.0,5.0,5.42,4.28,7
Mercedes-Benz GLE 350d,Mumbai,19863,Diesel,Automatic,3,11.57,2987.0,254.79,5.0,91.23,64.95,7
Hyundai Grand i10 1.2 Kappa Sportz,Mumbai,3958,Petrol,Manual,3,18.9,1197.0,81.86,5.0,7.14,5.55,6
BMW X3 xDrive 20d Luxury Line,Hyderabad,58000,Diesel,Automatic,3,18.56,1995.0,190.0,5.0,69.59,17.98,15
Renault KWID 1.0 RXT Optional,Kochi,18335,Petrol,Manual,3,21.7,999.0,67.0,5.0,4.61,4.5,6
Volkswagen Polo GT TSI,Mumbai,25000,Petrol,Automatic,3,17.21,1197.0,103.5,5.0,11.26,7.75,7
Toyota Fortuner 2.8 2WD AT,Kochi,21719,Diesel,Automatic,3,12.9,2755.0,174.5,7.0,37.38,33.13,5
Renault KWID Climber 1.0 MT,Hyderabad,4126,Petrol,Manual,3,21.7,999.0,67.0,5.0,5.3,4.8,6
Tata Bolt Quadrajet XM,Hyderabad,98500,Diesel,Manual,3,22.95,1248.0,74.0,5.0,7.97,6.0,7
BMW 3 Series 320d,Coimbatore,103905,Diesel,Automatic,3,22.69,1995.0,190.0,5.0,43.31,9.92,15
Audi A6 35 TDI Matrix,Delhi,56000,Diesel,Automatic,3,18.53,1968.0,187.74,5.0,59.38,24.0,10
Volkswagen Vento 1.5 TDI Highline AT,Kochi,33550,Diesel,Automatic,3,21.5,1498.0,108.5,5.0,15.86,9.6,7
Audi A6 35 TDI Matrix,Hyderabad,62000,Diesel,Automatic,3,18.53,1968.0,187.74,5.0,67.1,25.0,10
Ford EcoSport 1.5 Petrol Titanium Plus AT,Coimbatore,27852,Petrol,Automatic,3,14.8,1497.0,121.36,5.0,14.1,10.44,6
Tata Nexon 1.5 Revotorq XZ Plus Dual Tone,Mumbai,14000,Diesel,Manual,3,21.5,1497.0,108.5,5.0,12.22,9.9,6
Isuzu MUX 4WD,Jaipur,34429,Diesel,Automatic,3,13.8,2999.0,174.57,7.0,33.68,20.0,7
Toyota Corolla Altis 1.4 DG,Ahmedabad,52100,Diesel,Manual,3,21.43,1364.0,86.79,5.0,19.27,6.5,12
Hyundai Grand i10 1.2 Kappa Sportz,Jaipur,10000,Petrol,Manual,3,18.9,1197.0,81.86,5.0,6.96,5.85,6
Jeep Compass 2.0 Limited 4X4,Coimbatore,6261,Diesel,Manual,3,16.3,1956.0,170.0,5.0,26.95,23.91,5
Maruti Ignis 1.2 AMT Alpha,Coimbatore,3906,Petrol,Automatic,3,20.89,1197.0,81.8,5.0,7.96,7.36,5
Toyota Innova Crysta 2.4 VX MT,Mumbai,38000,Diesel,Manual,3,13.68,2393.0,147.8,7.0,23.06,17.65,7
Toyota Platinum Etios 1.4 GXD,Hyderabad,150000,Diesel,Manual,3,23.59,1364.0,67.05,5.0,9.58,6.0,9
Toyota Innova Crysta 2.8 GX AT 8S,Delhi,18000,Diesel,Automatic,3,11.36,2755.0,171.5,8.0,20.8,18.25,7
Nissan Micra Active XV,Ahmedabad,41000,Petrol,Manual,3,19.69,1198.0,67.04,5.0,6.78,4.25,8
Jeep Compass 2.0 Sport,Hyderabad,37000,Diesel,Manual,3,17.1,1956.0,170.0,5.0,19.91,16.9,7
Tata Zest Quadrajet 1.3 75PS XM,Pune,72000,Diesel,Manual,3,22.95,1248.0,74.0,5.0,8.93,5.0,7
Maruti Dzire VXI,Hyderabad,34900,Petrol,Manual,3,22.0,1197.0,81.8,5.0,7.97,5.49,11
Maruti Wagon R LXI,Mumbai,25422,Petrol,Manual,3,22.5,998.0,67.04,5.0,5.04,3.25,10
Maruti Ertiga VDI,Mumbai,14000,Diesel,Manual,3,25.47,1248.0,88.5,7.0,11.66,9.25,6
Mahindra KUV 100 G80 K6 Plus 5Str,Kolkata,43000,Petrol,Manual,3,18.15,1198.0,82.0,5.0,7.35,4.5,7
Maruti Swift VXI,Pune,68000,Petrol,Manual,3,22.0,1197.0,81.8,5.0,6.99,2.8,14
Jeep Compass 2.0 Limited,Pune,16039,Diesel,Manual,3,17.1,1956.0,170.0,5.0,23.89,18.5,6
Maruti Swift LDI,Hyderabad,52000,Diesel,Manual,3,28.4,1248.0,74.0,5.0,7.27,5.95,8
Maruti Swift VDI,Kochi,53500,Diesel,Manual,3,28.4,1248.0,74.0,5.0,7.88,5.36,9
Hyundai Xcent 1.2 CRDi S,Mumbai,50000,Diesel,Manual,3,25.4,1186.0,73.97,5.0,8.84,3.5,8
BMW 3 Series 320d Luxury Line,Delhi,87000,Diesel,Automatic,3,22.69,1995.0,190.0,5.0,52.46,6.67,5
Mahindra Xylo H4,Coimbatore,93166,Diesel,Manual,2,14.02,2179.0,118.3,7.0,11.67,5.85,8
Toyota Corolla Altis 1.8 VL CVT,Kolkata,5000,Petrol,Automatic,3,14.28,1798.0,138.03,5.0,22.37,16.95,6
Skoda Rapid 1.6 MPI Ambition,Mumbai,39822,Petrol,Manual,3,15.41,1598.0,103.52,5.0,12.02,4.68,9
Renault KWID RXL,Kochi,24214,Petrol,Manual,2,25.17,799.0,53.3,5.0,3.95,3.46,7
BMW 3 Series 320d,Coimbatore,85846,Diesel,Automatic,3,22.69,1995.0,190.0,5.0,48.79,13.08,11
Maruti Vitara Brezza ZDi Plus Dual Tone,Kochi,35981,Diesel,Manual,3,24.3,1248.0,88.5,5.0,11.29,9.51,7
Porsche Cayenne Base,Kochi,14298,Petrol,Automatic,3,13.33,2995.0,340.0,5.0,136.0,2.02,5
Honda Brio 1.2 S MT,Mumbai,22000,Petrol,Manual,3,18.5,1198.0,86.8,5.0,6.23,3.95,9
Hyundai Grand i10 1.2 Kappa Magna AT,Coimbatore,12153,Petrol,Automatic,3,18.9,1197.0,81.86,5.0,7.98,6.84,5
Audi A4 30 TFSI Premium Plus,Kochi,61221,Petrol,Automatic,3,17.84,1395.0,147.51,5.0,47.16,21.73,7
Mini Cooper 5 DOOR D,Kochi,14857,Diesel,Automatic,3,20.7,1496.0,113.98,5.0,41.98,31.55,5
Ford Endeavour Titanium 4X2,Coimbatore,14648,Diesel,Manual,3,12.62,2198.0,158.0,7.0,35.29,27.36,5
Tata Zest Revotron 1.2T XM,Kochi,48198,Petrol,Manual,3,17.57,1193.0,88.7,5.0,7.63,4.65,7
Maruti Dzire LDI,Pune,150000,Diesel,Manual,1,28.4,1248.0,73.75,5.0,7.91,2.25,12
Maruti Wagon R VXI,Chennai,52000,Petrol,Manual,3,22.5,998.0,67.04,5.0,5.51,3.45,10
Hyundai Grand i10 1.2 Kappa Asta,Coimbatore,62788,Petrol,Manual,3,18.9,1197.0,81.86,5.0,8.1,6.08,7
Toyota Innova Crysta 2.8 GX AT,Pune,20300,Diesel,Automatic,3,11.36,2755.0,171.5,7.0,20.97,18.0,6
Mini Cooper 3 DOOR D,Kochi,27641,Diesel,Automatic,2,20.7,1496.0,113.98,4.0,34.89,24.77,9
Mahindra XUV500 W7,Delhi,9000,Diesel,Manual,3,14.0,2179.0,155.0,7.0,16.4,13.0,6
BMW 7 Series 730Ld Design Pure Excellence CBU,Kolkata,41100,Diesel,Automatic,3,16.77,2993.0,261.49,5.0,166.0,26.5,12
Honda City i-VTEC CVT VX,Mumbai,19000,Petrol,Automatic,3,18.0,1497.0,117.3,5.0,15.29,8.95,9
Honda City i-VTEC CVT VX,Jaipur,35000,Petrol,Automatic,3,18.0,1497.0,117.3,5.0,14.67,7.7,7
Honda City i-VTEC V,Mumbai,11000,Petrol,Manual,3,17.4,1497.0,117.3,5.0,12.57,8.5,7
Nissan Micra XV D,Chennai,93450,Diesel,Manual,2,23.19,1461.0,63.12,5.0,9.48,2.5,12
Maruti Dzire ZDI,Ahmedabad,56454,Diesel,Manual,3,28.4,1248.0,73.75,5.0,8.95,4.65,11
Jeep Compass 2.0 Limited Option 4X4,Kolkata,15050,Diesel,Manual,3,16.3,1956.0,170.0,5.0,23.19,17.5,7
Ford Freestyle Titanium Plus Petrol,Kolkata,8896,Petrol,Manual,3,19.0,1194.0,94.68,5.0,8.24,7.34,6
Honda Jazz V,Mumbai,31378,Petrol,Manual,3,18.2,1199.0,88.7,5.0,8.71,5.9,8
Audi Q3 30 TDI Premium FWD,Mumbai,31000,Diesel,Automatic,3,18.51,1968.0,147.51,5.0,44.75,27.0,7
Mercedes-Benz E-Class E400 Cabriolet,Kolkata,7501,Petrol,Automatic,3,10.0,2996.0,333.0,4.0,87.57,48.0,9
Mercedes-Benz GLE 350d,Coimbatore,29277,Diesel,Automatic,3,11.57,2987.0,254.79,5.0,95.13,59.65,6
Maruti Baleno Delta CVT,Coimbatore,34630,Petrol,Automatic,3,21.4,1197.0,83.1,5.0,8.57,7.29,6
Mini Cooper 3 DOOR D,Kochi,32298,Diesel,Automatic,3,20.7,1496.0,113.98,4.0,35.0,23.8,8
Ford Aspire Ambiente Diesel,Kolkata,17000,Diesel,Manual,3,26.1,1498.0,99.0,5.0,7.56,5.65,6
Mercedes-Benz CLA 200 CDI Sport,Kochi,29836,Diesel,Automatic,3,17.9,2143.0,136.0,5.0,43.07,25.75,5
Toyota Etios Liva 1.4 GD,Delhi,84000,Diesel,Manual,3,23.59,1364.0,67.04,5.0,7.83,3.85,11
Maruti Celerio VXI AMT,Chennai,55000,Petrol,Automatic,3,23.1,998.0,67.04,5.0,6.0,3.5,9
Honda City i-VTEC VX,Mumbai,7500,Petrol,Manual,3,17.4,1497.0,117.3,5.0,13.76,11.15,7
Renault Duster 110PS Diesel RxZ AMT,Jaipur,68163,Diesel,Automatic,3,19.6,1461.0,108.45,5.0,14.11,8.9,8
Maruti Vitara Brezza LDi,Kochi,35384,Diesel,Manual,3,24.3,1248.0,88.5,5.0,9.12,8.61,7
Ford EcoSport 1.5 Diesel Titanium,Coimbatore,32189,Diesel,Manual,3,23.0,1498.0,98.96,5.0,11.2,9.25,6
BMW 3 Series 320d,Mumbai,67000,Diesel,Automatic,2,22.69,1995.0,190.0,5.0,47.87,9.25,14
Maruti Vitara Brezza ZDi Plus,Coimbatore,52380,Diesel,Manual,3,24.3,1248.0,88.5,5.0,12.47,10.15,6
Toyota Etios Liva 1.2 G,Chennai,42000,Petrol,Manual,2,17.71,1197.0,78.9,5.0,6.51,3.75,13
Honda WRV i-VTEC VX,Ahmedabad,32248,Petrol,Manual,3,17.5,1199.0,88.7,5.0,10.32,8.25,7
Hyundai Grand i10 1.2 Kappa Asta,Bangalore,61325,Petrol,Manual,3,18.9,1197.0,81.86,5.0,8.1,4.4,10
Honda Amaze S Petrol,Jaipur,69000,Petrol,Manual,3,19.5,1199.0,88.76,5.0,7.52,4.5,10
Volkswagen Vento 1.5 TDI Highline AT,Hyderabad,45492,Diesel,Automatic,3,21.5,1498.0,108.5,5.0,15.68,10.3,8
Hyundai Grand i10 1.2 Kappa Sportz,Coimbatore,33496,Petrol,Manual,3,18.9,1197.0,81.86,5.0,7.45,5.5,10
BMW 5 Series 520d Luxury Line,Delhi,65000,Diesel,Automatic,3,22.48,1995.0,190.0,5.0,67.87,21.26,11
Toyota Corolla Altis 1.8 G,Bangalore,16471,Petrol,Manual,2,14.28,1798.0,138.03,5.0,20.48,11.5,8
Honda City i-VTEC CVT VX,Pune,4500,Petrol,Automatic,3,18.0,1497.0,117.3,5.0,15.17,12.5,6
Renault Duster 110PS Diesel RxZ AMT,Coimbatore,42646,Diesel,Automatic,3,19.6,1461.0,108.45,5.0,15.05,12.46,7
Maruti Swift VDI,Jaipur,63310,Diesel,Manual,3,28.4,1248.0,74.0,5.0,8.13,5.1,9
Honda Jazz V,Hyderabad,37000,Petrol,Manual,3,18.2,1199.0,88.7,5.0,8.79,6.3,9
Nissan Terrano XL D Option,Hyderabad,65280,Diesel,Manual,3,19.87,1461.0,83.14,5.0,14.72,5.8,11
Jeep Compass 2.0 Limited Option 4X4,Jaipur,45000,Diesel,Manual,3,16.3,1956.0,170.0,5.0,25.54,20.0,7
Honda City i-DTEC ZX,Pune,42000,Diesel,Manual,3,25.6,1498.0,98.6,5.0,16.84,12.0,7
Hyundai Grand i10 1.2 CRDi Sportz,Chennai,48000,Diesel,Manual,3,24.0,1186.0,73.97,5.0,8.28,5.95,6
Toyota Innova Crysta 2.4 VX MT,Coimbatore,33598,Diesel,Manual,3,13.68,2393.0,147.8,7.0,23.94,22.2,5
Mercedes-Benz CLA 200 CDI Sport,Kochi,13414,Diesel,Automatic,3,17.9,2143.0,136.0,5.0,43.07,30.77,5
Mahindra KUV 100 G80 K8,Jaipur,15900,Petrol,Manual,3,18.15,1198.0,82.0,6.0,7.88,6.25,6
Audi A6 35 TDI Matrix,Coimbatore,36824,Diesel,Automatic,3,18.53,1968.0,187.74,5.0,69.37,39.84,7
Maruti Baleno Zeta CVT,Kolkata,20000,Petrol,Automatic,3,21.4,1197.0,83.1,5.0,9.04,5.74,8
BMW 3 Series Luxury Line,Ahmedabad,27000,Diesel,Automatic,3,21.76,1995.0,190.0,5.0,55.07,35.0,8
Maruti Dzire AMT ZDI Plus,Chennai,19000,Diesel,Automatic,3,28.4,1248.0,73.75,5.0,10.97,8.9,7
Jeep Compass 2.0 Longitude,Kochi,42203,Diesel,Manual,3,17.1,1956.0,170.0,5.0,21.72,19.46,6
Tata Nexon 1.5 Revotorq XZ Plus Dual Tone,Kolkata,4900,Diesel,Manual,3,21.5,1497.0,108.5,5.0,11.47,9.22,6
Renault KWID RXT Optional,Pune,5000,Petrol,Manual,3,25.17,799.0,53.3,5.0,4.9,3.5,6
Toyota Fortuner 2.8 4WD MT,Kochi,169006,Diesel,Manual,3,14.24,2755.0,174.5,7.0,36.69,10.64,13
Honda Jazz V CVT,Mumbai,17978,Petrol,Automatic,3,19.0,1199.0,88.7,5.0,10.1,6.95,7
Maruti S-Cross Alpha DDiS 200 SH,Kolkata,45296,Diesel,Manual,3,25.1,1248.0,88.5,5.0,12.53,6.99,8
Tata Hexa XT,Pune,39800,Diesel,Manual,3,17.6,2179.0,153.86,7.0,20.87,14.25,7
Maruti Eeco 7 Seater Standard,Coimbatore,42225,Petrol,Manual,3,15.1,1196.0,73.0,7.0,4.98,4.3,8
Maruti Ignis 1.2 Delta,Kochi,12076,Petrol,Manual,3,20.89,1197.0,81.8,5.0,5.9,5.5,5
Volkswagen Polo GT TSI,Coimbatore,50534,Petrol,Automatic,3,17.21,1197.0,103.5,5.0,11.66,8.27,7
BMW 5 Series 520d Luxury Line,Ahmedabad,46000,Diesel,Automatic,3,22.48,1995.0,190.0,5.0,63.71,16.5,14
Mercedes-Benz GLC 220d 4MATIC Style,Coimbatore,29311,Diesel,Automatic,3,17.9,2143.0,170.0,5.0,64.57,50.97,5
BMW 3 Series Luxury Line,Mumbai,31000,Diesel,Automatic,3,21.76,1995.0,190.0,5.0,60.88,29.95,8
Ford EcoSport 1.5 Petrol Titanium Plus AT,Pune,14000,Petrol,Automatic,3,14.8,1497.0,121.36,5.0,13.23,9.99,7
Maruti Vitara Brezza ZDi Plus Dual Tone,Ahmedabad,33000,Diesel,Manual,3,24.3,1248.0,88.5,5.0,11.06,9.25,7
Nissan Terrano XV D Pre,Mumbai,60000,Diesel,Manual,2,19.64,1461.0,108.5,5.0,17.21,5.45,11
Maruti Celerio ZXI AMT,Coimbatore,35225,Petrol,Automatic,3,23.1,998.0,67.04,5.0,6.56,5.25,7
BMW 3 Series 320d,Hyderabad,80000,Diesel,Automatic,3,22.69,1995.0,190.0,5.0,47.2,14.2,14
Hyundai Grand i10 1.2 Kappa Sportz,Coimbatore,29091,Petrol,Manual,3,18.9,1197.0,81.86,5.0,6.82,4.87,8
Maruti Vitara Brezza ZDi Plus Dual Tone,Coimbatore,26927,Diesel,Manual,3,24.3,1248.0,88.5,5.0,12.56,11.39,7
Maruti Vitara Brezza ZDi,Delhi,35299,Diesel,Manual,3,24.3,1248.0,88.5,5.0,10.14,8.0,8
Land Rover Range Rover Sport HSE,Kochi,38467,Diesel,Automatic,3,12.65,2993.0,255.0,5.0,160.0,70.66,9
Maruti Alto K10 VXI,Mumbai,12000,Petrol,Manual,3,24.07,998.0,67.1,5.0,4.82,3.25,7
Maruti Ciaz Zeta,Kochi,10575,Petrol,Manual,3,21.56,1462.0,103.25,5.0,11.11,9.18,6
Maruti Wagon R VXI 1.2,Kochi,49818,Petrol,Manual,3,21.5,1197.0,81.8,5.0,5.44,4.11,9
Toyota Innova Crysta 2.8 ZX AT,Kochi,26023,Diesel,Automatic,3,11.36,2755.0,171.5,7.0,26.55,19.97,7
Maruti Swift VDI,Pune,115000,Diesel,Manual,3,28.4,1248.0,74.0,5.0,8.26,4.5,10
Tata Zest Quadrajet 1.3 XT,Bangalore,27768,Diesel,Manual,3,20.65,1248.0,88.7,5.0,10.06,5.85,7
Maruti Alto K10 VXI,Chennai,28300,Petrol,Manual,3,24.07,998.0,67.1,5.0,4.5,2.15,13
Audi A6 35 TFSI Matrix,Delhi,22000,Petrol,Automatic,3,15.26,1798.0,187.74,5.0,56.97,41.5,6
Maruti Vitara Brezza ZDi Plus Dual Tone,Coimbatore,28741,Diesel,Manual,3,24.3,1248.0,88.5,5.0,12.56,11.0,6
Hyundai Verna VTVT 1.6 SX,Kolkata,5000,Petrol,Manual,3,17.0,1591.0,121.3,5.0,11.19,8.7,6
Maruti Ertiga ZDI Plus,Hyderabad,42000,Diesel,Manual,3,25.47,1248.0,88.5,7.0,13.33,9.9,8
Hyundai Verna VTVT 1.6 SX,Kochi,32542,Petrol,Manual,3,17.0,1591.0,121.3,5.0,11.67,5.77,12
BMW 3 Series 320d,Kochi,55598,Diesel,Automatic,3,22.69,1995.0,190.0,5.0,47.87,11.5,12
Maruti Dzire VDI,Jaipur,77084,Diesel,Manual,3,28.4,1248.0,73.75,5.0,8.75,4.95,11
Toyota Innova Crysta 2.8 GX AT 8S,Chennai,40000,Diesel,Automatic,3,11.36,2755.0,171.5,8.0,21.1,16.45,8
Maruti Baleno Alpha Diesel,Mumbai,2000,Diesel,Manual,3,27.39,1248.0,74.0,5.0,10.28,8.7,6
Skoda Superb Style 1.8 TSI AT,Mumbai,14500,Petrol,Automatic,3,14.67,1798.0,177.46,5.0,33.36,20.75,8
Maruti Ciaz Alpha,Mumbai,19416,Petrol,Manual,3,21.56,1462.0,103.25,5.0,11.56,8.25,7
Toyota Innova Crysta 2.8 ZX AT,Pune,50296,Diesel,Automatic,2,11.36,2755.0,171.5,7.0,27.07,19.0,8
Jeep Compass 2.0 Longitude,Kochi,26101,Diesel,Manual,3,17.1,1956.0,170.0,5.0,21.38,17.55,6
Maruti Alto K10 LXI Optional,Pune,7000,Petrol,Manual,3,24.07,998.0,67.1,5.0,4.36,3.0,8
Honda Jazz Exclusive CVT,Mumbai,3000,Petrol,Automatic,3,19.0,1199.0,88.7,5.0,10.81,8.25,6
Nissan Sunny XE P,Coimbatore,50297,Petrol,Manual,3,16.95,1498.0,97.6,5.0,8.55,4.69,12
Toyota Corolla Altis 1.8 GL,Chennai,32000,Petrol,Manual,2,14.28,1798.0,138.03,5.0,22.66,4.95,15
Maruti Alto K10 VXI,Jaipur,51264,Petrol,Manual,3,24.07,998.0,67.1,5.0,4.24,3.2,8
Mercedes-Benz CLA 200 CGI Sport,Delhi,40000,Petrol,Automatic,3,15.04,1991.0,183.0,5.0,41.02,24.5,8
Hyundai Creta 1.6 SX Automatic Diesel,Kolkata,14000,Diesel,Automatic,3,17.6,1582.0,126.2,5.0,17.0,11.25,6
Audi RS5 Coupe,Mumbai,23312,Petrol,Automatic,3,11.05,2894.0,444.0,4.0,128.0,40.5,11
BMW 5 Series 520d Luxury Line,Coimbatore,60280,Diesel,Automatic,3,22.48,1995.0,190.0,5.0,63.71,22.45,10
Land Rover Range Rover 3.0 Diesel LWB Vogue,Hyderabad,25000,Diesel,Automatic,3,13.33,2993.0,255.0,5.0,229.99999999999997,160.0,7
Maruti Baleno RS Petrol,Coimbatore,26731,Petrol,Manual,3,21.1,998.0,100.0,5.0,10.89,8.61,6
Toyota Camry Hybrid 2.5,Coimbatore,23249,Petrol,Automatic,3,19.16,2487.0,175.67,5.0,40.62,26.11,7
Hyundai Grand i10 1.2 Kappa Asta,Delhi,10000,Petrol,Manual,3,18.9,1197.0,81.86,5.0,7.54,6.5,6
Skoda Superb Style 1.8 TSI AT,Coimbatore,54253,Petrol,Automatic,3,14.67,1798.0,177.46,5.0,30.19,16.81,8
Maruti Wagon R VXI,Pune,38958,Petrol,Manual,3,22.5,998.0,67.04,5.0,5.56,3.41,10
Datsun redi-GO S,Chennai,26239,Petrol,Manual,3,22.7,799.0,53.0,5.0,4.43,2.75,8
Toyota Fortuner 2.8 2WD MT,Coimbatore,56251,Diesel,Manual,3,14.24,2755.0,174.5,7.0,37.17,35.82,5
Honda BR-V i-VTEC S MT,Bangalore,34004,Petrol,Manual,3,15.4,1497.0,117.3,7.0,12.9,8.02,8
Maruti Dzire VDI,Kochi,54758,Diesel,Manual,3,28.4,1248.0,73.75,5.0,8.58,6.67,7
Toyota Innova Crysta 2.8 ZX AT,Bangalore,53841,Diesel,Automatic,3,11.36,2755.0,171.5,7.0,28.05,20.5,7
Hyundai Creta 1.6 SX Option,Kochi,47183,Petrol,Manual,2,15.8,1591.0,121.3,5.0,15.86,11.31,7
Datsun redi-GO T Option,Kochi,6279,Petrol,Manual,3,22.7,799.0,53.64,5.0,4.05,3.6,6
Hyundai Creta 1.6 SX Option Diesel,Coimbatore,101065,Diesel,Manual,3,20.5,1582.0,126.2,5.0,19.18,11.45,7
Maruti Baleno Delta,Kochi,15134,Petrol,Manual,3,21.4,1197.0,83.1,5.0,7.36,6.37,7
Maruti Ertiga VDI,Chennai,86000,Diesel,Manual,2,25.47,1248.0,88.5,7.0,10.99,8.2,8
Honda City i-DTEC SV,Kolkata,39000,Diesel,Manual,3,25.6,1498.0,98.6,5.0,12.23,5.49,9
Volkswagen Vento 1.6 Highline,Jaipur,33000,Petrol,Manual,3,16.09,1598.0,103.5,5.0,11.63,7.7,8
Hyundai Verna VTVT 1.6 SX,Bangalore,46676,Petrol,Manual,3,17.0,1591.0,121.3,5.0,12.27,7.75,10
Maruti Alto K10 LXI,Kochi,51349,Petrol,Manual,3,24.07,998.0,67.1,5.0,3.91,2.93,10
Audi Q3 30 TDI Premium FWD,Coimbatore,22060,Diesel,Automatic,3,18.51,1968.0,147.51,5.0,44.8,32.73,6
Audi A4 35 TDI Premium Plus,Kochi,13506,Diesel,Automatic,3,18.25,1968.0,187.74,5.0,50.4,21.66,9
Renault KWID RXT Optional,Mumbai,16000,Petrol,Manual,3,25.17,799.0,53.3,5.0,4.78,2.99,8
Honda Amaze S Petrol,Kolkata,32576,Petrol,Manual,3,19.5,1199.0,88.76,5.0,7.36,3.15,11
Datsun redi-GO T Option,Coimbatore,27509,Petrol,Manual,3,22.7,799.0,53.64,5.0,4.04,3.31,7
Skoda Superb Style 1.8 TSI AT,Mumbai,53000,Petrol,Automatic,3,14.67,1798.0,177.46,5.0,33.36,17.85,8
Toyota Innova Crysta 2.8 ZX AT,Delhi,42000,Diesel,Automatic,3,11.36,2755.0,171.5,7.0,26.55,19.6,8
Maruti Wagon R VXI AMT,Mumbai,1997,Petrol,Automatic,3,22.5,998.0,67.0,5.0,6.14,4.45,6
Maruti Vitara Brezza ZDi Plus Dual Tone,Pune,47300,Diesel,Manual,3,24.3,1248.0,88.5,5.0,11.96,8.85,8
Maruti Ertiga VDI,Coimbatore,53817,Diesel,Manual,3,25.47,1248.0,88.5,7.0,11.44,7.56,10
Toyota Innova Crysta 2.8 ZX AT,Ahmedabad,42388,Diesel,Automatic,3,11.36,2755.0,171.5,7.0,24.63,18.0,8
BMW X1 xDrive 20d M Sport,Kolkata,27001,Diesel,Automatic,3,20.68,1995.0,190.0,5.0,50.26,29.0,7
Hyundai Grand i10 1.2 Kappa Sportz,Coimbatore,38712,Petrol,Manual,3,18.9,1197.0,81.86,5.0,7.45,5.87,7
Maruti Swift ZXI Plus,Ahmedabad,2000,Petrol,Manual,3,22.0,1197.0,81.8,5.0,8.16,7.75,6
Toyota Innova Crysta 2.4 VX MT 8S,Coimbatore,31271,Diesel,Manual,3,13.68,2393.0,147.8,8.0,24.01,21.42,5
Skoda Rapid 1.5 TDI Ambition,Mumbai,54500,Diesel,Manual,3,21.13,1498.0,108.4,5.0,13.72,4.1,12
Toyota Innova Crysta 2.4 ZX MT,Ahmedabad,54000,Diesel,Manual,3,13.68,2393.0,147.8,7.0,23.14,16.5,8
Tata Tiago 1.2 Revotron XZ WO Alloy,Hyderabad,16500,Petrol,Manual,3,23.84,1199.0,84.0,5.0,6.29,5.0,7
Honda Amaze V Petrol,Jaipur,6000,Petrol,Manual,3,19.5,1199.0,86.76,5.0,8.18,6.7,6
Maruti Wagon R LXI,Mumbai,12000,Petrol,Manual,3,22.5,998.0,67.04,5.0,5.04,2.45,14
Hyundai Grand i10 1.2 Kappa Magna,Kolkata,4500,Petrol,Manual,3,18.9,1197.0,81.86,5.0,6.4,4.8,6
Hyundai Grand i10 1.2 Kappa Asta,Kochi,51223,Petrol,Manual,3,18.9,1197.0,81.86,5.0,7.48,5.66,7
Ford Mustang V8,Kochi,21290,Petrol,Automatic,3,13.0,4951.0,395.0,4.0,83.92,56.8,6
Toyota Innova Crysta 2.8 GX AT,Kochi,14076,Diesel,Automatic,3,11.36,2755.0,171.5,7.0,20.74,19.4,5
Hyundai Grand i10 1.2 Kappa Asta,Hyderabad,22500,Petrol,Manual,3,18.9,1197.0,81.86,5.0,7.82,5.99,7
Honda Amaze S Diesel,Kolkata,46500,Diesel,Manual,3,27.4,1498.0,98.6,5.0,8.54,3.3,11
Maruti Wagon R VXI,Jaipur,39867,Petrol,Manual,3,22.5,998.0,67.04,5.0,5.44,4.5,7
Skoda Superb Style 2.0 TDI AT,Mumbai,19000,Diesel,Automatic,3,18.19,1968.0,174.5,5.0,36.94,15.5,9
Volkswagen Vento 1.5 TDI Comfortline,Kolkata,34000,Diesel,Manual,3,20.64,1498.0,108.5,5.0,11.16,3.4,12
Hyundai Verna VTVT 1.6 SX Option,Kochi,52378,Petrol,Manual,3,17.0,1591.0,121.3,5.0,13.6,7.97,8
Maruti Dzire AMT ZDI Plus,Kochi,64035,Diesel,Automatic,3,28.4,1248.0,73.75,5.0,10.7,8.55,6
Maruti Eeco 7 Seater Standard,Chennai,55000,Petrol,Manual,3,15.1,1196.0,73.0,7.0,4.87,3.75,8
Mitsubishi Pajero Sport 4X4,Coimbatore,53497,Diesel,Manual,3,13.5,2477.0,175.56,7.0,34.6,16.42,9
Mercedes-Benz GLE 350d,Chennai,29000,Diesel,Automatic,3,11.57,2987.0,254.79,5.0,92.79,65.0,8
Maruti Wagon R VXI AMT,Kolkata,17000,Petrol,Automatic,3,22.5,998.0,67.0,5.0,5.8,3.95,7
BMW 3 Series 320d,Mumbai,51000,Diesel,Automatic,3,22.69,1995.0,190.0,5.0,47.87,10.5,13
BMW 5 Series 520d Luxury Line,Coimbatore,51602,Diesel,Automatic,3,22.48,1995.0,190.0,5.0,63.71,17.27,13
BMW 3 Series Luxury Line,Pune,70000,Diesel,Automatic,2,21.76,1995.0,190.0,5.0,62.11,27.0,8
Honda Jazz V,Kochi,36973,Petrol,Manual,3,18.2,1199.0,88.7,5.0,8.71,6.8,7
Maruti Wagon R VXI,Mumbai,43628,Petrol,Manual,3,22.5,998.0,67.04,5.0,5.61,3.16,10
Maruti Vitara Brezza ZDi Plus AMT Dual Tone,Chennai,3300,Diesel,Automatic,3,24.3,1248.0,88.5,5.0,12.88,11.5,6
Maruti Alto K10 LXI,Delhi,35027,Petrol,Manual,3,24.07,998.0,67.1,5.0,3.91,3.0,8
Maruti Vitara Brezza ZDi,Bangalore,45000,Diesel,Manual,3,24.3,1248.0,88.5,5.0,11.0,9.75,7
BMW X1 sDrive 20d xLine,Coimbatore,15456,Diesel,Automatic,3,20.68,1995.0,190.0,5.0,48.18,36.64,5
Hyundai Grand i10 1.2 CRDi Asta,Kochi,81828,Diesel,Manual,3,24.0,1186.0,73.97,5.0,8.68,5.43,9
Renault KWID 1.0 RXT Optional,Jaipur,26000,Petrol,Manual,3,21.7,999.0,67.0,5.0,4.78,3.0,8
Honda WRV i-VTEC VX,Hyderabad,15000,Petrol,Manual,3,17.5,1199.0,88.7,5.0,10.83,8.9,7
Volkswagen Vento 1.6 Comfortline,Kochi,60818,Petrol,Manual,3,16.09,1598.0,103.5,5.0,11.05,3.59,12
Maruti Ertiga VDI,Pune,54161,Diesel,Manual,3,25.47,1248.0,88.5,7.0,11.27,7.64,8
Volkswagen Vento 1.6 Comfortline,Kochi,20488,Petrol,Manual,2,16.09,1598.0,103.5,5.0,11.48,7.64,6
Toyota Fortuner 2.8 2WD MT,Coimbatore,72668,Diesel,Manual,3,14.24,2755.0,174.5,7.0,37.17,28.85,7
Toyota Etios Cross 1.4L VD,Bangalore,57464,Diesel,Manual,3,23.59,1364.0,67.06,5.0,9.99,5.75,10
Toyota Innova Crysta 2.8 ZX AT,Chennai,80000,Diesel,Automatic,3,11.36,2755.0,171.5,7.0,26.95,19.5,8
Hyundai Xcent 1.2 VTVT E,Pune,40000,Petrol,Manual,3,20.14,1197.0,81.86,5.0,6.71,5.0,6
Hyundai Verna VTVT 1.6 SX Option,Kochi,12336,Petrol,Manual,3,17.0,1591.0,121.3,5.0,13.6,11.88,5
Nissan Micra Active XV,Pune,24000,Petrol,Manual,3,19.69,1198.0,67.04,5.0,6.99,4.0,6
Volkswagen Vento 1.5 TDI Highline,Chennai,121311,Diesel,Manual,3,20.64,1498.0,108.5,5.0,14.32,2.9,13
Tata Tiago 1.2 Revotron XT Option,Coimbatore,16698,Petrol,Manual,3,23.84,1199.0,84.0,5.0,6.21,5.85,5
Land Rover Range Rover Evoque 2.0 TD4 HSE Dynamic,Hyderabad,52000,Diesel,Automatic,3,15.68,1999.0,177.0,5.0,74.49,42.0,8
Hyundai Elite i20 Sportz Plus,Kochi,37460,Petrol,Manual,3,18.6,1197.0,81.86,5.0,8.03,6.28,7
Mercedes-Benz S-Class S 350 d,Bangalore,47140,Diesel,Automatic,2,13.5,2925.0,281.61,5.0,171.0,30.0,13
Hyundai Creta 1.6 SX Option Diesel,Bangalore,93000,Diesel,Manual,3,20.5,1582.0,126.2,5.0,19.18,10.8,8
Volvo V40 D3 R Design,Hyderabad,38000,Diesel,Automatic,2,16.8,1969.0,150.0,5.0,37.9,24.0,9
BMW 3 Series Luxury Line,Kochi,21936,Diesel,Automatic,3,21.76,1995.0,190.0,5.0,58.67,37.92,6
Skoda Superb Style 1.8 TSI AT,Delhi,80000,Petrol,Automatic,2,14.67,1798.0,177.46,5.0,32.54,7.25,11
Mahindra Thar CRDe,Coimbatore,28599,Diesel,Manual,3,16.55,2498.0,105.0,6.0,11.71,9.66,7
Datsun redi-GO T,Kolkata,15000,Petrol,Manual,3,22.7,799.0,53.64,5.0,3.98,2.25,8
Maruti Alto K10 VXI,Kochi,23876,Petrol,Manual,3,24.07,998.0,67.1,5.0,4.09,3.46,9
BMW 3 Series 320d,Hyderabad,89000,Diesel,Automatic,3,22.69,1995.0,190.0,5.0,47.2,13.95,13
Maruti Wagon R VXI 1.2,Kolkata,37000,Petrol,Manual,3,21.5,1197.0,81.8,5.0,5.56,2.8,10
Audi A4 35 TDI Technology,Hyderabad,14000,Diesel,Automatic,3,18.25,1968.0,187.74,5.0,55.61,43.0,7
Hyundai Santro D Lite,Chennai,140000,Petrol,Manual,1,20.3,1086.0,68.0,5.0,4.55,0.7,23
Maruti Baleno Alpha,Chennai,16000,Petrol,Manual,3,21.4,1197.0,83.1,5.0,8.8,6.95,8
Tata Nexon 1.2 Revotron XZ Plus,Coimbatore,17477,Petrol,Manual,3,17.0,1198.0,108.5,5.0,11.13,9.62,6
Maruti Wagon R LXI,Kochi,52431,Petrol,Manual,3,22.5,998.0,67.04,5.0,4.59,3.01,10
Maruti Vitara Brezza ZDi Plus,Kochi,57078,Diesel,Manual,3,24.3,1248.0,88.5,5.0,11.58,10.19,6
Maruti Baleno Alpha Diesel,Hyderabad,24000,Diesel,Manual,3,27.39,1248.0,74.0,5.0,10.63,8.4,7
Maruti Baleno Alpha CVT,Mumbai,3000,Petrol,Automatic,3,21.4,1197.0,83.1,5.0,10.3,8.85,6
Honda City i-VTEC VX,Ahmedabad,29000,Petrol,Manual,3,17.4,1497.0,117.3,5.0,12.68,10.0,7
Mercedes-Benz GLC 220d 4MATIC Style,Mumbai,24000,Diesel,Automatic,3,17.9,2143.0,170.0,5.0,59.77,46.95,7
Hyundai Creta 1.6 SX Option Executive,Coimbatore,44383,Petrol,Manual,3,15.8,1591.0,121.3,5.0,17.7,13.25,6
Hyundai Creta 1.6 SX,Delhi,69000,Petrol,Manual,3,15.8,1591.0,121.3,5.0,14.23,9.7,8
Maruti Dzire AMT VDI,Coimbatore,25082,Diesel,Automatic,3,28.4,1248.0,73.75,5.0,9.62,8.37,6
Audi A4 35 TDI Premium Plus,Coimbatore,28469,Diesel,Automatic,3,18.25,1968.0,187.74,5.0,53.14,24.37,10
Ford Aspire Titanium Diesel,Kolkata,60048,Diesel,Manual,3,26.1,1498.0,99.0,5.0,8.91,6.0,7
Maruti Dzire AMT ZXI Plus,Coimbatore,8018,Petrol,Automatic,3,22.0,1197.0,81.8,5.0,10.26,8.3,5
Tata Tiago AMT 1.2 Revotron XZA,Pune,2000,Petrol,Automatic,3,23.84,1199.0,83.83,5.0,6.94,5.0,6
Hyundai Verna CRDi 1.6 SX Option,Hyderabad,109606,Diesel,Manual,3,22.0,1582.0,126.2,5.0,15.59,2.9,16
Honda Amaze V CVT Petrol,Kochi,25717,Petrol,Automatic,3,19.0,1199.0,88.76,5.0,9.47,8.86,5
Honda Jazz VX,Chennai,8000,Petrol,Manual,3,18.2,1199.0,88.7,5.0,9.1,7.9,7
Hyundai Creta 1.6 SX Option Diesel,Coimbatore,24864,Diesel,Manual,3,20.5,1582.0,126.2,5.0,19.18,16.27,5
BMW 5 Series 530d M Sport,Hyderabad,27000,Diesel,Automatic,3,18.59,2993.0,265.0,5.0,78.31,48.0,8
Audi A3 35 TDI Premium Plus,Mumbai,39000,Diesel,Automatic,3,20.38,1968.0,143.0,5.0,42.89,18.9,8
Volkswagen Polo 1.5 TDI Comfortline,Jaipur,66000,Diesel,Manual,3,20.14,1498.0,88.0,5.0,9.56,4.91,9
BMW X3 xDrive 20d xLine,Kochi,36723,Diesel,Automatic,3,18.56,1995.0,190.0,5.0,64.76,32.57,7
Audi Q7 45 TDI Quattro Technology,Pune,59500,Diesel,Automatic,3,14.75,2967.0,245.0,7.0,99.92,68.0,7
Honda Jazz VX Diesel,Hyderabad,17151,Diesel,Manual,3,27.3,1498.0,98.6,5.0,11.05,8.4,7
Maruti Vitara Brezza LDi,Kochi,32539,Diesel,Manual,3,24.3,1248.0,88.5,5.0,8.63,8.39,6
Land Rover Discovery Sport TD4 HSE 7S,Coimbatore,24013,Diesel,Automatic,3,12.81,1999.0,148.31,7.0,69.22,56.14,5
Jeep Compass 2.0 Sport,Kolkata,27000,Diesel,Manual,3,17.1,1956.0,170.0,5.0,18.45,15.0,7
Maruti Vitara Brezza ZDi,Coimbatore,58829,Diesel,Manual,3,24.3,1248.0,88.5,5.0,9.89,9.05,7
Maruti Celerio LXI MT,Kolkata,30000,Petrol,Manual,3,23.1,998.0,67.04,5.0,4.87,3.75,6
Maruti Vitara Brezza ZDi,Coimbatore,21789,Diesel,Manual,3,24.3,1248.0,88.5,5.0,11.0,9.88,7
Hyundai Elite i20 Asta Option,Coimbatore,21134,Petrol,Manual,3,18.6,1197.0,81.86,5.0,9.78,8.78,5
Maruti Dzire VDI,Hyderabad,68434,Diesel,Manual,3,28.4,1248.0,73.75,5.0,9.14,5.5,11
Maruti Alto K10 VXI,Pune,17000,Petrol,Manual,3,24.07,998.0,67.1,5.0,4.48,2.1,10
Hyundai Verna CRDi 1.6 SX Option,Mumbai,79225,Diesel,Manual,3,22.0,1582.0,126.2,5.0,15.57,5.5,11
Maruti Wagon R VXI,Kochi,31817,Petrol,Manual,3,22.5,998.0,67.04,5.0,5.12,5.34,5
Mercedes-Benz GLE 250d,Hyderabad,50000,Diesel,Automatic,3,17.9,2143.0,201.15,5.0,79.43,49.0,8
Tata Zest Quadrajet 1.3 75PS XE,Kolkata,45000,Diesel,Manual,3,22.95,1248.0,74.0,5.0,7.94,3.75,7
Mercedes-Benz GLE 350d,Bangalore,28541,Diesel,Automatic,3,11.57,2987.0,254.79,5.0,95.13,60.75,8
Nissan Micra XV CVT,Kolkata,44000,Petrol,Automatic,3,19.15,1198.0,75.94,5.0,8.73,2.65,13
Tata Zest Revotron 1.2 XT,Coimbatore,27000,Petrol,Manual,3,17.57,1193.0,88.7,5.0,8.69,5.27,9
Honda Jazz VX Diesel,Chennai,14980,Diesel,Manual,3,27.3,1498.0,98.6,5.0,10.81,7.4,8
Mercedes-Benz CLA 200 CDI Sport,Jaipur,39000,Diesel,Automatic,3,17.9,2143.0,136.0,5.0,42.4,27.0,7
Toyota Corolla Altis 1.8 GL,Coimbatore,53920,Petrol,Manual,3,14.28,1798.0,138.03,5.0,23.37,10.77,9
BMW 5 Series 530d M Sport,Chennai,58000,Diesel,Automatic,3,18.59,2993.0,265.0,5.0,79.78,11.75,14
Tata Zest Revotron 1.2T XM,Kochi,39208,Petrol,Manual,3,17.57,1193.0,88.7,5.0,7.63,4.52,9
Honda City i-VTEC VX,Coimbatore,38622,Petrol,Manual,3,17.4,1497.0,117.3,5.0,12.68,6.26,11
Hyundai Verna CRDi 1.6 AT SX Plus,Bangalore,79000,Diesel,Automatic,3,22.0,1582.0,126.2,5.0,16.6,5.25,12
Renault KWID Climber 1.0 AMT,Coimbatore,38171,Petrol,Automatic,2,22.5,999.0,67.0,5.0,5.72,4.99,6
Renault KWID 1.0 RXT Optional AMT,Kochi,53105,Petrol,Automatic,3,22.5,999.0,67.0,5.0,4.93,4.41,7
Mahindra Bolero ZLX,Coimbatore,68557,Diesel,Manual,3,15.96,2523.0,62.1,7.0,11.28,8.14,7
Volkswagen Vento 1.5 TDI Highline,Hyderabad,34000,Diesel,Manual,3,20.64,1498.0,108.5,5.0,14.2,8.45,8
BMW 3 Series 320d,Bangalore,73000,Diesel,Automatic,3,22.69,1995.0,190.0,5.0,48.79,12.5,12
Ford EcoSport 1.5 Diesel Trend,Kochi,63423,Diesel,Manual,3,23.0,1498.0,98.96,5.0,10.42,7.69,7
Hyundai Creta 1.6 SX Option,Kochi,53322,Petrol,Manual,3,15.8,1591.0,121.3,5.0,16.06,12.13,6
Ford EcoSport 1.5 Petrol Titanium,Hyderabad,21800,Petrol,Manual,3,17.0,1497.0,121.36,5.0,11.27,8.75,7
Ford Freestyle Titanium Plus Petrol,Jaipur,1001,Petrol,Manual,3,19.0,1194.0,94.68,5.0,8.44,7.23,6
Hyundai Elantra 1.6 SX,Pune,170000,Diesel,Manual,3,22.54,1582.0,126.2,5.0,20.87,7.5,11
Maruti Vitara Brezza ZDi Plus Dual Tone,Pune,85000,Diesel,Manual,3,24.3,1248.0,88.5,5.0,11.96,8.9,8
Toyota Etios Cross 1.4L VD,Jaipur,62322,Diesel,Manual,3,23.59,1364.0,67.06,5.0,9.55,4.9,10
Maruti Alto K10 VXI,Kochi,37929,Petrol,Manual,3,24.07,998.0,67.1,5.0,4.09,3.69,9
Tata Tiago 1.2 Revotron XM Option,Chennai,5400,Petrol,Manual,3,23.84,1199.0,84.0,5.0,5.45,3.98,8
Volkswagen Ameo 1.2 MPI Highline,Kochi,14576,Petrol,Manual,3,17.0,1198.0,73.75,5.0,8.38,6.69,7
Honda BRV i-VTEC V CVT,Mumbai,17000,Petrol,Automatic,3,16.0,1497.0,117.3,7.0,15.02,9.5,7
Maruti Celerio ZXI Optional AMT,Kochi,12278,Petrol,Automatic,3,23.1,998.0,67.04,5.0,5.95,5.63,6
Hyundai Creta 1.6 SX,Coimbatore,17665,Petrol,Manual,3,15.8,1591.0,121.3,5.0,15.36,11.78,6
Tata Zest Revotron 1.2T XE,Kolkata,65000,Petrol,Manual,3,17.57,1193.0,88.7,5.0,6.59,4.8,7
Volkswagen Vento 1.6 Comfortline,Kolkata,38000,Petrol,Manual,3,16.09,1598.0,103.5,5.0,10.94,3.49,10
Volkswagen Polo 1.5 TDI Highline,Hyderabad,29647,Diesel,Manual,3,20.14,1498.0,88.0,5.0,10.15,6.3,8
Maruti Baleno RS Petrol,Kochi,43639,Petrol,Manual,3,21.1,998.0,100.0,5.0,9.83,8.15,6
BMW 3 Series Luxury Line,Bangalore,21000,Diesel,Automatic,3,21.76,1995.0,190.0,5.0,62.07,35.0,7
Maruti Dzire VXI,Pune,74000,Petrol,Manual,3,22.0,1197.0,81.8,5.0,7.67,4.5,11
Volkswagen Polo 1.5 TDI Highline,Chennai,25000,Diesel,Manual,3,20.14,1498.0,88.0,5.0,9.97,6.9,7
Audi A6 35 TDI Matrix,Chennai,20000,Diesel,Automatic,3,18.53,1968.0,187.74,5.0,67.67,35.5,9
Hyundai Grand i10 1.2 CRDi Sportz,Kochi,32663,Diesel,Manual,3,24.0,1186.0,73.97,5.0,8.18,6.28,6
Tata Bolt Quadrajet XE,Hyderabad,100303,Diesel,Manual,3,22.95,1248.0,74.0,5.0,7.43,3.7,8
Maruti Eeco 7 Seater Standard,Mumbai,34670,Petrol,Manual,3,15.1,1196.0,73.0,7.0,4.71,2.9,10
Hyundai Grand i10 1.2 CRDi Sportz,Delhi,59261,Diesel,Manual,3,24.0,1186.0,73.97,5.0,8.18,4.25,9
BMW 3 Series 320d Luxury Line,Hyderabad,47000,Diesel,Automatic,3,22.69,1995.0,190.0,5.0,53.68,29.5,9
Ford Ecosport Signature Edition Diesel,Ahmedabad,13000,Diesel,Manual,3,23.0,1498.0,98.96,5.0,12.12,10.9,6
Maruti Celerio ZXI MT,Bangalore,48808,Petrol,Manual,3,23.1,998.0,67.04,5.0,6.05,4.3,9
Hyundai i20 Active SX Dual Tone Petrol,Pune,1000,Petrol,Manual,3,17.19,1197.0,81.86,5.0,10.25,8.6,5
Volkswagen Ameo 1.5 TDI Highline,Pune,20000,Diesel,Manual,3,21.66,1498.0,108.62,5.0,10.04,6.75,8
Volkswagen Polo GT TSI,Kochi,26323,Petrol,Automatic,3,17.21,1197.0,103.5,5.0,10.83,7.4,9
Mahindra Bolero ZLX,Jaipur,65000,Diesel,Manual,3,15.96,2523.0,62.1,7.0,11.15,7.21,8
Hyundai Xcent 1.2 CRDi S,Kolkata,51000,Diesel,Manual,3,25.4,1186.0,73.97,5.0,8.23,4.2,7
Toyota Innova Crysta 2.4 GX MT,Hyderabad,73000,Diesel,Manual,3,13.68,2393.0,147.8,7.0,19.37,16.5,8
Maruti Swift LDI,Jaipur,39437,Diesel,Manual,3,28.4,1248.0,74.0,5.0,7.01,5.15,9
Tata Zest Revotron 1.2T XM,Mumbai,36000,Petrol,Manual,3,17.57,1193.0,88.7,5.0,7.63,3.7,10
Hyundai Grand i10 1.2 Kappa Magna,Pune,45252,Petrol,Manual,3,18.9,1197.0,81.86,5.0,6.8,2.25,14
Maruti Ertiga VDI,Kochi,51236,Diesel,Manual,3,25.47,1248.0,88.5,7.0,10.83,8.49,6
Maruti Dzire AMT VXI,Chennai,42000,Petrol,Automatic,3,22.0,1197.0,81.8,5.0,8.13,5.5,7
Toyota Corolla Altis 1.8 VL CVT,Coimbatore,82725,Petrol,Automatic,3,14.28,1798.0,138.03,5.0,25.27,11.99,8
BMW 3 Series Sport,Mumbai,19000,Diesel,Automatic,2,21.76,1995.0,190.0,5.0,57.3,29.99,8
Maruti Wagon R VXI AMT,Delhi,30000,Petrol,Automatic,3,22.5,998.0,67.0,5.0,5.68,4.25,8
Maruti Vitara Brezza ZDi Plus Dual Tone,Delhi,22000,Diesel,Manual,3,24.3,1248.0,88.5,5.0,11.75,8.25,8
Honda WR-V Edge Edition i-VTEC S,Kochi,13913,Petrol,Manual,3,17.5,1199.0,88.7,5.0,9.36,8.2,5
Mercedes-Benz GLA Class 200 d Style,Kochi,26212,Diesel,Automatic,3,17.9,2143.0,136.0,5.0,38.72,24.46,8
Tata Zest Revotron 1.2T XMS,Pune,23500,Petrol,Manual,2,17.57,1193.0,88.7,5.0,7.7,3.9,10
Maruti Wagon R VXI AMT1.2,Mumbai,26000,Petrol,Automatic,3,21.5,1197.0,81.8,5.0,6.43,3.65,9
Hyundai Xcent 1.2 CRDi S,Kolkata,26000,Diesel,Manual,3,25.4,1186.0,73.97,5.0,8.23,5.0,8
Maruti Wagon R VXI,Jaipur,35362,Petrol,Manual,3,22.5,998.0,67.04,5.0,5.44,3.85,7
BMW 3 Series 320d,Bangalore,58000,Diesel,Automatic,3,22.69,1995.0,190.0,5.0,48.79,11.5,14
Renault KWID Climber 1.0 AMT,Chennai,14000,Petrol,Automatic,3,22.5,999.0,67.0,5.0,5.67,4.5,6
Hyundai Creta 1.6 SX Option Diesel,Coimbatore,47392,Diesel,Manual,3,20.5,1582.0,126.2,5.0,19.18,13.82,8
Maruti Dzire LDI,Pune,48000,Diesel,Manual,3,28.4,1248.0,73.75,5.0,7.91,6.0,7
Renault KWID RXL,Jaipur,26000,Petrol,Manual,3,25.17,799.0,53.3,5.0,3.96,2.55,8
Maruti Alto K10 VXI,Jaipur,35000,Petrol,Manual,3,24.07,998.0,67.1,5.0,4.24,3.0,8
BMW X3 xDrive 20d Luxury Line,Mumbai,1400,Diesel,Automatic,3,18.56,1995.0,190.0,5.0,70.55,61.25,6
Mini Cooper 3 DOOR S,Kochi,21110,Petrol,Automatic,3,17.44,1998.0,189.08,4.0,39.27,28.95,8
Toyota Etios Liva 1.2 G,Coimbatore,64005,Petrol,Manual,3,17.71,1197.0,78.9,5.0,6.41,4.57,9
Nissan Micra XV CVT,Mumbai,34895,Petrol,Automatic,3,19.15,1198.0,75.94,5.0,9.47,4.6,9
Toyota Innova Crysta 2.8 GX AT,Kochi,20789,Diesel,Automatic,3,11.36,2755.0,171.5,7.0,20.74,18.36,7
Land Rover Range Rover Sport SE,Delhi,47000,Diesel,Automatic,2,12.65,2993.0,255.0,5.0,139.0,64.75,10
BMW 5 Series 520d Luxury Line,Coimbatore,75637,Diesel,Automatic,3,22.48,1995.0,190.0,5.0,71.82,30.37,8
Renault KWID RXT Optional,Kochi,6568,Petrol,Manual,3,25.17,799.0,53.3,5.0,4.78,5.09,5
BMW 3 Series 320d Luxury Line,Kochi,62404,Diesel,Automatic,3,22.69,1995.0,190.0,5.0,54.43,21.33,8
BMW 3 Series Luxury Line,Coimbatore,34232,Diesel,Automatic,3,21.76,1995.0,190.0,5.0,55.07,35.84,7
Honda CR-V Petrol 2WD,Chennai,135000,Petrol,Automatic,1,14.4,1997.0,152.0,5.0,33.51,3.0,20
Renault Duster 110PS Diesel RxZ AWD,Chennai,80000,Diesel,Manual,3,19.72,1461.0,108.45,5.0,15.94,6.75,12
Toyota Fortuner 2.8 2WD AT,Coimbatore,28069,Diesel,Automatic,3,12.9,2755.0,174.5,7.0,34.45,30.85,5
Nissan Sunny XV D,Chennai,70000,Diesel,Manual,2,22.71,1461.0,84.8,5.0,11.48,4.0,12
Maruti Wagon R ZXI AMT 1.2,Mumbai,600,Petrol,Automatic,3,21.5,1197.0,81.8,5.0,6.8,6.25,5
Tata Tigor XE Diesel,Ahmedabad,16235,Diesel,Manual,3,24.7,1047.0,69.0,5.0,7.15,5.5,7
Skoda Superb Style 1.8 TSI AT,Kochi,73641,Petrol,Automatic,3,14.67,1798.0,177.46,5.0,33.36,17.08,7
Hyundai Verna VTVT 1.6 AT SX Plus,Mumbai,75059,Petrol,Automatic,3,17.0,1591.0,121.3,5.0,13.7,4.25,12
Toyota Etios 1.4 VXD,Pune,3000,Diesel,Manual,3,23.59,1364.0,67.04,5.0,10.63,7.9,6
Volkswagen Polo 1.5 TDI Highline,Coimbatore,52951,Diesel,Manual,3,20.14,1498.0,88.0,5.0,10.32,5.65,10
Maruti Eeco 7 Seater Standard,Delhi,126000,Petrol,Manual,3,15.1,1196.0,73.0,7.0,4.43,2.2,8
Volkswagen Vento 1.5 TDI Highline,Hyderabad,28000,Diesel,Manual,3,20.64,1498.0,108.5,5.0,14.2,10.0,7
Hyundai Grand i10 1.2 Kappa Magna,Delhi,46000,Petrol,Manual,3,18.9,1197.0,81.86,5.0,6.54,4.75,7
Maruti Baleno Zeta,Coimbatore,33150,Petrol,Manual,3,21.4,1197.0,83.1,5.0,8.71,7.39,6
Honda City i-VTEC VX,Ahmedabad,34000,Petrol,Manual,3,17.4,1497.0,117.3,5.0,12.68,5.75,12
Honda BRV i-VTEC V CVT,Mumbai,16503,Petrol,Automatic,3,16.0,1497.0,117.3,7.0,15.02,9.5,7
Honda City i-VTEC CVT V,Kochi,22321,Petrol,Automatic,3,18.0,1497.0,117.3,5.0,13.4,11.66,5
Mahindra KUV 100 G80 K8 Dual Tone,Delhi,42000,Petrol,Manual,3,18.15,1198.0,82.0,6.0,7.96,5.5,6
Honda City i-VTEC V,Kochi,11732,Petrol,Manual,3,17.4,1497.0,117.3,5.0,11.88,10.07,6
Toyota Innova Crysta 2.4 VX MT,Kolkata,31000,Diesel,Manual,3,13.68,2393.0,147.8,7.0,21.36,16.95,7
Volvo S60 D4 Momentum,Hyderabad,51000,Diesel,Automatic,3,27.03,1969.0,190.0,5.0,45.67,21.5,10
Honda Brio 1.2 S Option MT,Delhi,40315,Petrol,Manual,3,18.5,1198.0,86.8,5.0,5.92,2.75,12
Tata Tiago 1.2 Revotron XZ,Coimbatore,20712,Petrol,Manual,3,23.84,1199.0,84.0,5.0,6.59,6.94,5
Nissan Terrano XL D Option,Kochi,58817,Diesel,Manual,3,19.87,1461.0,83.14,5.0,15.06,6.25,9
Tata Tiago 1.2 Revotron XZ,Hyderabad,22000,Petrol,Manual,3,23.84,1199.0,84.0,5.0,6.42,4.8,7
Renault KWID RXL,Kochi,7858,Petrol,Manual,3,25.17,799.0,53.3,5.0,4.04,3.8,5
Honda Amaze VX Petrol,Mumbai,21000,Petrol,Manual,3,19.5,1199.0,86.76,5.0,8.99,4.75,10
Volkswagen Vento 1.5 TDI Highline AT,Pune,19000,Diesel,Automatic,3,21.5,1498.0,108.5,5.0,15.68,10.0,8
Skoda Rapid 1.6 MPI Ambition,Coimbatore,21214,Petrol,Manual,3,15.41,1598.0,103.52,5.0,12.44,9.66,5
Maruti Celerio VXI AMT,Kolkata,30000,Petrol,Automatic,3,23.1,998.0,67.04,5.0,5.77,3.8,8
Renault KWID RXT Optional,Kochi,21954,Petrol,Manual,3,25.17,799.0,53.3,5.0,4.78,3.7,7
Nissan Micra XV CVT,Coimbatore,54387,Petrol,Automatic,3,19.15,1198.0,75.94,5.0,9.51,5.85,7
Renault KWID RXT Optional,Mumbai,1617,Petrol,Manual,3,25.17,799.0,53.3,5.0,4.78,4.29,6
Honda City i-DTEC SV,Hyderabad,82000,Diesel,Manual,3,25.6,1498.0,98.6,5.0,13.33,8.0,9
Hyundai Grand i10 1.2 Kappa Sportz,Kochi,28147,Petrol,Manual,3,18.9,1197.0,81.86,5.0,6.62,5.07,8
Renault Duster 110PS Diesel RxZ,Bangalore,70000,Diesel,Manual,3,19.6,1461.0,108.45,5.0,15.01,8.25,10
Skoda Superb L&K 2.0 TDI AT,Mumbai,35000,Diesel,Automatic,3,18.19,1968.0,174.5,5.0,40.73,25.75,7
Maruti Vitara Brezza ZDi Plus Dual Tone,Kochi,21248,Diesel,Manual,3,24.3,1248.0,88.5,5.0,11.75,9.44,7
Mercedes-Benz C-Class Progressive C 220d,Ahmedabad,4000,Diesel,Automatic,3,0.0,1950.0,194.0,5.0,49.14,35.0,5
Mitsubishi Pajero Sport 4X4,Jaipur,70000,Diesel,Manual,2,13.5,2477.0,175.56,7.0,33.21,11.85,10
Hyundai Creta 1.6 SX,Hyderabad,9900,Petrol,Manual,3,15.8,1591.0,121.3,5.0,14.72,13.2,6
Tata Zest Quadrajet 1.3 75PS XE,Hyderabad,125000,Diesel,Manual,3,22.95,1248.0,74.0,5.0,8.09,4.6,8
Renault Duster 110PS Diesel RxZ AMT,Coimbatore,34686,Diesel,Automatic,3,19.6,1461.0,108.45,5.0,15.05,11.86,7
Skoda Superb Style 2.0 TDI AT,Mumbai,42000,Diesel,Automatic,3,18.19,1968.0,174.5,5.0,36.94,22.99,7
Mahindra NuvoSport N6,Coimbatore,37323,Diesel,Manual,2,17.45,1493.0,100.0,7.0,10.52,7.29,6
Maruti Dzire LDI,Pune,27000,Diesel,Manual,3,28.4,1248.0,73.75,5.0,7.91,5.9,6
Renault KWID RXL,Pune,1000,Petrol,Manual,3,25.17,799.0,53.3,5.0,4.45,3.4,6
Maruti Ertiga VXI AT Petrol,Mumbai,28000,Petrol,Automatic,3,18.69,1462.0,103.0,7.0,10.65,8.0,7
Toyota Corolla Altis 1.8 G CVT,Delhi,109703,Petrol,Automatic,2,14.28,1798.0,138.03,5.0,20.46,4.0,14
Hyundai Verna VTVT 1.6 AT SX Option,Mumbai,8000,Petrol,Automatic,3,17.0,1591.0,121.3,5.0,15.14,12.85,6
Mercedes-Benz GLA Class 200 Sport,Kochi,17773,Petrol,Automatic,3,13.7,1991.0,183.0,5.0,39.22,26.76,6
Volkswagen Polo 1.5 TDI Highline,Hyderabad,65000,Diesel,Manual,2,20.14,1498.0,88.0,5.0,10.15,3.5,11
Volkswagen Ameo 1.2 MPI Highline,Ahmedabad,34005,Petrol,Manual,3,17.0,1198.0,73.75,5.0,8.09,5.75,8
Maruti Baleno Alpha,Mumbai,6000,Petrol,Manual,3,21.4,1197.0,83.1,5.0,8.78,7.5,7
Tata Hexa XTA,Jaipur,39000,Diesel,Automatic,3,17.6,2179.0,153.86,7.0,21.0,13.5,8
Tata Tiago 1.2 Revotron XT,Kochi,15386,Petrol,Manual,3,23.84,1199.0,84.0,5.0,5.56,5.11,7
Audi A4 35 TDI Premium Plus,Coimbatore,58629,Diesel,Automatic,2,18.25,1968.0,187.74,5.0,53.14,16.52,11
Tata Bolt Revotron XT,Chennai,10000,Petrol,Manual,3,17.57,1193.0,88.7,5.0,7.77,4.0,8
Volkswagen Vento 1.6 Highline,Mumbai,38000,Petrol,Manual,3,16.09,1598.0,103.5,5.0,11.91,3.25,13
Maruti Vitara Brezza VDi,Pune,37208,Diesel,Manual,3,24.3,1248.0,88.5,5.0,9.93,7.43,8
Honda Brio 1.2 VX MT,Delhi,33746,Petrol,Manual,3,18.5,1198.0,86.8,5.0,6.63,3.2,11
Maruti Swift VDI,Delhi,27365,Diesel,Manual,3,28.4,1248.0,74.0,5.0,7.88,4.75,10
